,Category,Genotype position,Inserted Bases,Length,Microhomology length,Predicted frequency,Genotype,Name
0,ins,,A,1,,14.657083098077495,GTCTGGCTTCCCAACGCGGGGTCCTGGGCCTTTACAGTATGACCGAAACAATGGAGAGCCAGTGTCCCGGAGTGGCCAGAG,insA
1,ins,,C,1,,0.4827522363240594,GTCTGGCTTCCCAACGCGGGGTCCTGGGCCTTTACAGTATGACCGAACCAATGGAGAGCCAGTGTCCCGGAGTGGCCAGAG,insC
2,ins,,T,1,,1.470535620501189,GTCTGGCTTCCCAACGCGGGGTCCTGGGCCTTTACAGTATGACCGAATCAATGGAGAGCCAGTGTCCCGGAGTGGCCAGAG,insT
3,ins,,G,1,,0.41575839820177113,GTCTGGCTTCCCAACGCGGGGTCCTGGGCCTTTACAGTATGACCGAAGCAATGGAGAGCCAGTGTCCCGGAGTGGCCAGAG,insG
4,del,2,,2,1.0,4.376345074913957,GTCTGGCTTCCCAACGCGGGGTCCTGGGCCTTTACAGTATGACCGAAATGGAGAGCCAGTGTCCCGGAGTGGCCAGAG,delCA
5,del,3,,3,2.0,14.903784917410576,GTCTGGCTTCCCAACGCGGGGTCCTGGGCCTTTACAGTATGACCGAATGGAGAGCCAGTGTCCCGGAGTGGCCAGAG,delCAA
6,del,1,,4,1.0,2.8364663928818703,GTCTGGCTTCCCAACGCGGGGTCCTGGGCCTTTACAGTATGACCAATGGAGAGCCAGTGTCCCGGAGTGGCCAGAG,delGAAC
7,del,3,,4,1.0,2.6543874654176967,GTCTGGCTTCCCAACGCGGGGTCCTGGGCCTTTACAGTATGACCGATGGAGAGCCAGTGTCCCGGAGTGGCCAGAG,delACAA
8,del,1,,5,1.0,2.209042247932124,GTCTGGCTTCCCAACGCGGGGTCCTGGGCCTTTACAGTATGACAATGGAGAGCCAGTGTCCCGGAGTGGCCAGAG,delCGAAC
9,del,2,,7,1.0,1.2538438566783168,GTCTGGCTTCCCAACGCGGGGTCCTGGGCCTTTACAGTATGAATGGAGAGCCAGTGTCCCGGAGTGGCCAGAG,delCCGAACA
10,del,5,,7,1.0,1.33985185197135,GTCTGGCTTCCCAACGCGGGGTCCTGGGCCTTTACAGTATGACCGGAGAGCCAGTGTCCCGGAGTGGCCAGAG,delAACAATG
11,del,7,,7,1.0,1.2538438566783168,GTCTGGCTTCCCAACGCGGGGTCCTGGGCCTTTACAGTATGACCGAAGAGCCAGTGTCCCGGAGTGGCCAGAG,delCAATGGA
12,del,3,,8,1.0,0.9764945774303434,GTCTGGCTTCCCAACGCGGGGTCCTGGGCCTTTACAGTATGATGGAGAGCCAGTGTCCCGGAGTGGCCAGAG,delCCGAACAA
13,del,7,,8,2.0,5.71272516553219,GTCTGGCTTCCCAACGCGGGGTCCTGGGCCTTTACAGTATGACCGAGAGCCAGTGTCCCGGAGTGGCCAGAG,delACAATGGA
14,del,9,,9,1.0,0.760494741567732,GTCTGGCTTCCCAACGCGGGGTCCTGGGCCTTTACAGTATGACCGAAGCCAGTGTCCCGGAGTGGCCAGAG,delCAATGGAGA
15,del,2,,10,1.0,0.5922739002546354,GTCTGGCTTCCCAACGCGGGGTCCTGGGCCTTTACAGTAATGGAGAGCCAGTGTCCCGGAGTGGCCAGAG,delTGACCGAACA
16,del,9,,10,2.0,3.4649429634072018,GTCTGGCTTCCCAACGCGGGGTCCTGGGCCTTTACAGTATGACCGAGCCAGTGTCCCGGAGTGGCCAGAG,delACAATGGAGA
17,del,5,,11,3.0,7.087642176076221,GTCTGGCTTCCCAACGCGGGGTCCTGGGCCTTTACAGTATGGAGAGCCAGTGTCCCGGAGTGGCCAGAG,delACCGAACAATG
18,del,7,,12,2.0,2.1015941414620176,GTCTGGCTTCCCAACGCGGGGTCCTGGGCCTTTACAGTATGAGAGCCAGTGTCCCGGAGTGGCCAGAG,delCCGAACAATGGA
19,del,10,,12,1.0,0.38387398267180106,GTCTGGCTTCCCAACGCGGGGTCCTGGGCCTTTACAGTATGACCGCCAGTGTCCCGGAGTGGCCAGAG,delAACAATGGAGAG
20,del,2,,13,2.0,1.6367231630688959,GTCTGGCTTCCCAACGCGGGGTCCTGGGCCTTTACAATGGAGAGCCAGTGTCCCGGAGTGGCCAGAG,delGTATGACCGAACA
21,del,4,,13,1.0,0.27977038054175773,GTCTGGCTTCCCAACGCGGGGTCCTGGGCCTTTACAGTGGAGAGCCAGTGTCCCGGAGTGGCCAGAG,delATGACCGAACAAT
22,del,13,,13,1.0,0.27977038054175773,GTCTGGCTTCCCAACGCGGGGTCCTGGGCCTTTACAGTATGACCGAAGTGTCCCGGAGTGGCCAGAG,delCAATGGAGAGCCA
23,del,3,,14,1.0,0.21788539144610586,GTCTGGCTTCCCAACGCGGGGTCCTGGGCCTTTACATGGAGAGCCAGTGTCCCGGAGTGGCCAGAG,delGTATGACCGAACAA
24,del,9,,14,2.0,1.2746812810691628,GTCTGGCTTCCCAACGCGGGGTCCTGGGCCTTTACAGTATGAGCCAGTGTCCCGGAGTGGCCAGAG,delCCGAACAATGGAGA
25,del,11,,14,1.0,0.2328313399564435,GTCTGGCTTCCCAACGCGGGGTCCTGGGCCTTTACAGTATGACCCAGTGTCCCGGAGTGGCCAGAG,delGAACAATGGAGAGC
26,del,13,,14,1.0,0.21788539144610586,GTCTGGCTTCCCAACGCGGGGTCCTGGGCCTTTACAGTATGACCGAGTGTCCCGGAGTGGCCAGAG,delACAATGGAGAGCCA
27,del,2,,15,1.0,0.1696893134780468,GTCTGGCTTCCCAACGCGGGGTCCTGGGCCTTTAATGGAGAGCCAGTGTCCCGGAGTGGCCAGAG,delCAGTATGACCGAACA
28,del,5,,15,1.0,0.18132922988164268,GTCTGGCTTCCCAACGCGGGGTCCTGGGCCTTTACAGGAGAGCCAGTGTCCCGGAGTGGCCAGAG,delTATGACCGAACAATG
29,del,7,,15,1.0,0.1696893134780468,GTCTGGCTTCCCAACGCGGGGTCCTGGGCCTTTACAGTAGAGCCAGTGTCCCGGAGTGGCCAGAG,delTGACCGAACAATGGA
30,del,12,,15,2.0,1.3580588281208827,GTCTGGCTTCCCAACGCGGGGTCCTGGGCCTTTACAGTATGACCAGTGTCCCGGAGTGGCCAGAG,delGAACAATGGAGAGCC
31,del,3,,16,1.0,0.13215417021555192,GTCTGGCTTCCCAACGCGGGGTCCTGGGCCTTTATGGAGAGCCAGTGTCCCGGAGTGGCCAGAG,delCAGTATGACCGAACAA
32,del,6,,16,1.0,0.1412193462255581,GTCTGGCTTCCCAACGCGGGGTCCTGGGCCTTTACAGAGAGCCAGTGTCCCGGAGTGGCCAGAG,delTATGACCGAACAATGG
33,del,10,,16,1.0,0.1412193462255581,GTCTGGCTTCCCAACGCGGGGTCCTGGGCCTTTACAGTATGCCAGTGTCCCGGAGTGGCCAGAG,delACCGAACAATGGAGAG
34,del,12,,16,1.0,0.1412193462255581,GTCTGGCTTCCCAACGCGGGGTCCTGGGCCTTTACAGTATGACAGTGTCCCGGAGTGGCCAGAG,delCGAACAATGGAGAGCC
35,del,14,,16,1.0,0.1412193462255581,GTCTGGCTTCCCAACGCGGGGTCCTGGGCCTTTACAGTATGACCGTGTCCCGGAGTGGCCAGAG,delAACAATGGAGAGCCAG
36,del,9,,17,1.0,0.1029217712500236,GTCTGGCTTCCCAACGCGGGGTCCTGGGCCTTTACAGTAGCCAGTGTCCCGGAGTGGCCAGAG,delTGACCGAACAATGGAGA
37,del,1,,18,1.0,0.08565386323037455,GTCTGGCTTCCCAACGCGGGGTCCTGGGCCAATGGAGAGCCAGTGTCCCGGAGTGGCCAGAG,delTTTACAGTATGACCGAAC
38,del,4,,18,1.0,0.08015555604461437,GTCTGGCTTCCCAACGCGGGGTCCTGGGCCTTTGGAGAGCCAGTGTCCCGGAGTGGCCAGAG,delACAGTATGACCGAACAAT
39,del,8,,18,2.0,0.4689290373514217,GTCTGGCTTCCCAACGCGGGGTCCTGGGCCTTTACAGAGCCAGTGTCCCGGAGTGGCCAGAG,delTATGACCGAACAATGGAG
40,del,13,,18,1.0,0.08015555604461437,GTCTGGCTTCCCAACGCGGGGTCCTGGGCCTTTACAGTATGAGTGTCCCGGAGTGGCCAGAG,delCCGAACAATGGAGAGCCA
41,del,16,,18,1.0,0.08565386323037455,GTCTGGCTTCCCAACGCGGGGTCCTGGGCCTTTACAGTATGACCGTCCCGGAGTGGCCAGAG,delAACAATGGAGAGCCAGTG
42,del,1,,19,1.0,0.06670729575690672,GTCTGGCTTCCCAACGCGGGGTCCTGGGCAATGGAGAGCCAGTGTCCCGGAGTGGCCAGAG,delCTTTACAGTATGACCGAAC
43,del,4,,19,1.0,0.06242520981506955,GTCTGGCTTCCCAACGCGGGGTCCTGGGCCTTGGAGAGCCAGTGTCCCGGAGTGGCCAGAG,delTACAGTATGACCGAACAAT
44,del,4,,20,1.0,0.04861680228737292,GTCTGGCTTCCCAACGCGGGGTCCTGGGCCTGGAGAGCCAGTGTCCCGGAGTGGCCAGAG,delTTACAGTATGACCGAACAAT
45,del,7,,20,1.0,0.04861680228737292,GTCTGGCTTCCCAACGCGGGGTCCTGGGCCTTTAGAGCCAGTGTCCCGGAGTGGCCAGAG,delCAGTATGACCGAACAATGGA
46,del,10,,20,2.0,0.284419838383168,GTCTGGCTTCCCAACGCGGGGTCCTGGGCCTTTACAGCCAGTGTCCCGGAGTGGCCAGAG,delTATGACCGAACAATGGAGAG
47,del,14,,20,1.0,0.05195169417205475,GTCTGGCTTCCCAACGCGGGGTCCTGGGCCTTTACAGTATGTGTCCCGGAGTGGCCAGAG,delACCGAACAATGGAGAGCCAG
48,del,13,,21,1.0,0.037862803691833695,GTCTGGCTTCCCAACGCGGGGTCCTGGGCCTTTACAGTAGTGTCCCGGAGTGGCCAGAG,delTGACCGAACAATGGAGAGCCA
49,del,18,,21,1.0,0.04046002010308238,GTCTGGCTTCCCAACGCGGGGTCCTGGGCCTTTACAGTATGACCCCGGAGTGGCCAGAG,delGAACAATGGAGAGCCAGTGTC
50,del,9,,22,1.0,0.029487581164478964,GTCTGGCTTCCCAACGCGGGGTCCTGGGCCTTTAGCCAGTGTCCCGGAGTGGCCAGAG,delCAGTATGACCGAACAATGGAGA
51,del,16,,22,2.0,0.17250935220990343,GTCTGGCTTCCCAACGCGGGGTCCTGGGCCTTTACAGTATGTCCCGGAGTGGCCAGAG,delACCGAACAATGGAGAGCCAGTG
52,del,19,,22,2.0,0.2359952380002561,GTCTGGCTTCCCAACGCGGGGTCCTGGGCCTTTACAGTATGACCCGGAGTGGCCAGAG,delGAACAATGGAGAGCCAGTGTCC
53,del,11,,23,1.0,0.024540242685108966,GTCTGGCTTCCCAACGCGGGGTCCTGGGCCTTTACCAGTGTCCCGGAGTGGCCAGAG,delAGTATGACCGAACAATGGAGAGC
54,del,21,,23,3.0,0.7080295763562943,GTCTGGCTTCCCAACGCGGGGTCCTGGGCCTTTACAGTATGACCGGAGTGGCCAGAG,delAACAATGGAGAGCCAGTGTCCCG
55,del,23,,23,1.0,0.022964951301777822,GTCTGGCTTCCCAACGCGGGGTCCTGGGCCTTTACAGTATGACCGAAGTGGCCAGAG,delCAATGGAGAGCCAGTGTCCCGGA
56,del,1,,24,1.0,0.01911196021992518,GTCTGGCTTCCCAACGCGGGGTCCAATGGAGAGCCAGTGTCCCGGAGTGGCCAGAG,delTGGGCCTTTACAGTATGACCGAAC
57,del,5,,24,1.0,0.01911196021992518,GTCTGGCTTCCCAACGCGGGGTCCTGGGGAGAGCCAGTGTCCCGGAGTGGCCAGAG,delCCTTTACAGTATGACCGAACAATG
58,del,15,,24,4.0,0.7210910716650842,GTCTGGCTTCCCAACGCGGGGTCCTGGGCCTTTACAGTGTCCCGGAGTGGCCAGAG,delATGACCGAACAATGGAGAGCCAGT
59,del,17,,24,1.0,0.01788512205702125,GTCTGGCTTCCCAACGCGGGGTCCTGGGCCTTTACAGTATCCCGGAGTGGCCAGAG,delGACCGAACAATGGAGAGCCAGTGT
60,del,20,,24,1.0,0.01911196021992518,GTCTGGCTTCCCAACGCGGGGTCCTGGGCCTTTACAGTATGACGGAGTGGCCAGAG,delCGAACAATGGAGAGCCAGTGTCCC
61,del,23,,24,2.0,0.10463221120247178,GTCTGGCTTCCCAACGCGGGGTCCTGGGCCTTTACAGTATGACCGAGTGGCCAGAG,delACAATGGAGAGCCAGTGTCCCGGA
62,del,1,,25,1.0,0.01488440958530727,GTCTGGCTTCCCAACGCGGGGTCAATGGAGAGCCAGTGTCCCGGAGTGGCCAGAG,delCTGGGCCTTTACAGTATGACCGAAC
63,del,6,,25,2.0,0.11147625703747631,GTCTGGCTTCCCAACGCGGGGTCCTGGGAGAGCCAGTGTCCCGGAGTGGCCAGAG,delCCTTTACAGTATGACCGAACAATGG
64,del,6,,26,3.0,0.2269920847253939,GTCTGGCTTCCCAACGCGGGGTCCTGGAGAGCCAGTGTCCCGGAGTGGCCAGAG,delGCCTTTACAGTATGACCGAACAATGG
65,del,13,,26,1.0,0.010847874880286068,GTCTGGCTTCCCAACGCGGGGTCCTGGGCCTTTAGTGTCCCGGAGTGGCCAGAG,delCAGTATGACCGAACAATGGAGAGCCA
66,del,17,,26,2.0,0.06346264408782679,GTCTGGCTTCCCAACGCGGGGTCCTGGGCCTTTACAGTCCCGGAGTGGCCAGAG,delATGACCGAACAATGGAGAGCCAGTGT
67,del,24,,26,1.0,0.011591989840592825,GTCTGGCTTCCCAACGCGGGGTCCTGGGCCTTTACAGTATGACCGTGGCCAGAG,delAACAATGGAGAGCCAGTGTCCCGGAG
68,del,6,,27,1.0,0.009027850765209462,GTCTGGCTTCCCAACGCGGGGTCCTGAGAGCCAGTGTCCCGGAGTGGCCAGAG,delGGCCTTTACAGTATGACCGAACAATGG
69,del,8,,27,1.0,0.009027850765209462,GTCTGGCTTCCCAACGCGGGGTCCTGGGAGCCAGTGTCCCGGAGTGGCCAGAG,delCCTTTACAGTATGACCGAACAATGGAG
70,del,21,,27,1.0,0.009027850765209462,GTCTGGCTTCCCAACGCGGGGTCCTGGGCCTTTACAGTATGGAGTGGCCAGAG,delACCGAACAATGGAGAGCCAGTGTCCCG
71,del,8,,28,1.0,0.007030897245396911,GTCTGGCTTCCCAACGCGGGGTCCTGGAGCCAGTGTCCCGGAGTGGCCAGAG,delGCCTTTACAGTATGACCGAACAATGGAG
72,del,11,,28,1.0,0.007030897245396911,GTCTGGCTTCCCAACGCGGGGTCCTGGGCCCAGTGTCCCGGAGTGGCCAGAG,delTTTACAGTATGACCGAACAATGGAGAGC
73,del,23,,28,2.0,0.03849203938569764,GTCTGGCTTCCCAACGCGGGGTCCTGGGCCTTTACAGTATGAGTGGCCAGAG,delCCGAACAATGGAGAGCCAGTGTCCCGGA
74,del,26,,28,1.0,0.007030897245396911,GTCTGGCTTCCCAACGCGGGGTCCTGGGCCTTTACAGTATGACCGGCCAGAG,delAACAATGGAGAGCCAGTGTCCCGGAGTG
75,del,4,,29,1.0,0.005124173261766577,GTCTGGCTTCCCAACGCGGGGTGGAGAGCCAGTGTCCCGGAGTGGCCAGAG,delCCTGGGCCTTTACAGTATGACCGAACAAT
76,del,8,,29,1.0,0.005475668280409697,GTCTGGCTTCCCAACGCGGGGTCCTGAGCCAGTGTCCCGGAGTGGCCAGAG,delGGCCTTTACAGTATGACCGAACAATGGAG
77,del,12,,29,3.0,0.15798275276220486,GTCTGGCTTCCCAACGCGGGGTCCTGGGCCAGTGTCCCGGAGTGGCCAGAG,delTTTACAGTATGACCGAACAATGGAGAGCC
78,del,15,,29,1.0,0.005124173261766577,GTCTGGCTTCCCAACGCGGGGTCCTGGGCCTTTGTCCCGGAGTGGCCAGAG,delACAGTATGACCGAACAATGGAGAGCCAGT
79,del,27,,29,1.0,0.005475668280409697,GTCTGGCTTCCCAACGCGGGGTCCTGGGCCTTTACAGTATGACCGCCAGAG,delAACAATGGAGAGCCAGTGTCCCGGAGTGG
80,del,10,,30,1.0,0.004264454744622326,GTCTGGCTTCCCAACGCGGGGTCCTGGCCAGTGTCCCGGAGTGGCCAGAG,delGCCTTTACAGTATGACCGAACAATGGAGAG
81,del,12,,30,1.0,0.004264454744622326,GTCTGGCTTCCCAACGCGGGGTCCTGGGCAGTGTCCCGGAGTGGCCAGAG,delCTTTACAGTATGACCGAACAATGGAGAGCC
82,del,15,,30,1.0,0.003990710148857365,GTCTGGCTTCCCAACGCGGGGTCCTGGGCCTTGTCCCGGAGTGGCCAGAG,delTACAGTATGACCGAACAATGGAGAGCCAGT
83,del,18,,30,1.0,0.004264454744622326,GTCTGGCTTCCCAACGCGGGGTCCTGGGCCTTTACCCGGAGTGGCCAGAG,delAGTATGACCGAACAATGGAGAGCCAGTGTC
84,del,24,,30,1.0,0.004264454744622326,GTCTGGCTTCCCAACGCGGGGTCCTGGGCCTTTACAGTATGTGGCCAGAG,delACCGAACAATGGAGAGCCAGTGTCCCGGAG
85,del,30,,30,1.0,0.003990710148857365,GTCTGGCTTCCCAACGCGGGGTCCTGGGCCTTTACAGTATGACCGAAGAG,delCAATGGAGAGCCAGTGTCCCGGAGTGGCCA
86,del,1,,31,1.0,0.0033211606944844345,GTCTGGCTTCCCAACGCAATGGAGAGCCAGTGTCCCGGAGTGGCCAGAG,delGGGGTCCTGGGCCTTTACAGTATGACCGAAC
87,del,5,,31,1.0,0.0033211606944844345,GTCTGGCTTCCCAACGCGGGGGAGAGCCAGTGTCCCGGAGTGGCCAGAG,delTCCTGGGCCTTTACAGTATGACCGAACAATG
88,del,10,,31,1.0,0.0033211606944844345,GTCTGGCTTCCCAACGCGGGGTCCTGCCAGTGTCCCGGAGTGGCCAGAG,delGGCCTTTACAGTATGACCGAACAATGGAGAG
89,del,15,,31,1.0,0.0031079681889411193,GTCTGGCTTCCCAACGCGGGGTCCTGGGCCTGTCCCGGAGTGGCCAGAG,delTTACAGTATGACCGAACAATGGAGAGCCAGT
90,del,17,,31,1.0,0.0031079681889411193,GTCTGGCTTCCCAACGCGGGGTCCTGGGCCTTTCCCGGAGTGGCCAGAG,delACAGTATGACCGAACAATGGAGAGCCAGTGT
91,del,19,,31,1.0,0.0033211606944844345,GTCTGGCTTCCCAACGCGGGGTCCTGGGCCTTTACCGGAGTGGCCAGAG,delAGTATGACCGAACAATGGAGAGCCAGTGTCC
92,del,21,,31,1.0,0.0033211606944844345,GTCTGGCTTCCCAACGCGGGGTCCTGGGCCTTTACAGGAGTGGCCAGAG,delTATGACCGAACAATGGAGAGCCAGTGTCCCG
93,del,23,,31,1.0,0.0031079681889411193,GTCTGGCTTCCCAACGCGGGGTCCTGGGCCTTTACAGTAGTGGCCAGAG,delTGACCGAACAATGGAGAGCCAGTGTCCCGGA
94,del,28,,31,1.0,0.0033211606944844345,GTCTGGCTTCCCAACGCGGGGTCCTGGGCCTTTACAGTATGACCCAGAG,delGAACAATGGAGAGCCAGTGTCCCGGAGTGGC
95,del,30,,31,1.0,0.0031079681889411193,GTCTGGCTTCCCAACGCGGGGTCCTGGGCCTTTACAGTATGACCGAGAG,delACAATGGAGAGCCAGTGTCCCGGAGTGGCCA
96,del,6,,32,2.0,0.019371668786497688,GTCTGGCTTCCCAACGCGGGGAGAGCCAGTGTCCCGGAGTGGCCAGAG,delTCCTGGGCCTTTACAGTATGACCGAACAATGG
97,del,17,,32,1.0,0.0024204880593083596,GTCTGGCTTCCCAACGCGGGGTCCTGGGCCTTCCCGGAGTGGCCAGAG,delTACAGTATGACCGAACAATGGAGAGCCAGTGT
98,del,20,,32,1.0,0.0025865225495704486,GTCTGGCTTCCCAACGCGGGGTCCTGGGCCTTTACGGAGTGGCCAGAG,delAGTATGACCGAACAATGGAGAGCCAGTGTCCC
99,del,22,,32,1.0,0.0025865225495704486,GTCTGGCTTCCCAACGCGGGGTCCTGGGCCTTTACAGAGTGGCCAGAG,delTATGACCGAACAATGGAGAGCCAGTGTCCCGG
100,del,26,,32,2.0,0.01416042993875961,GTCTGGCTTCCCAACGCGGGGTCCTGGGCCTTTACAGTATGGCCAGAG,delACCGAACAATGGAGAGCCAGTGTCCCGGAGTG
101,del,29,,32,2.0,0.019371668786497688,GTCTGGCTTCCCAACGCGGGGTCCTGGGCCTTTACAGTATGACCAGAG,delGAACAATGGAGAGCCAGTGTCCCGGAGTGGCC
102,del,32,,32,1.0,0.0024204880593083596,GTCTGGCTTCCCAACGCGGGGTCCTGGGCCTTTACAGTATGACCGAAG,delCAATGGAGAGCCAGTGTCCCGGAGTGGCCAGA
103,del,1,,33,1.0,0.002014385787037312,GTCTGGCTTCCCAACAATGGAGAGCCAGTGTCCCGGAGTGGCCAGAG,delGCGGGGTCCTGGGCCTTTACAGTATGACCGAAC
104,del,6,,33,2.0,0.015086670820324279,GTCTGGCTTCCCAACGCGGGAGAGCCAGTGTCCCGGAGTGGCCAGAG,delGTCCTGGGCCTTTACAGTATGACCGAACAATGG
105,del,14,,33,1.0,0.002014385787037312,GTCTGGCTTCCCAACGCGGGGTCCTGGGTGTCCCGGAGTGGCCAGAG,delCCTTTACAGTATGACCGAACAATGGAGAGCCAG
106,del,17,,33,1.0,0.0018850779960043352,GTCTGGCTTCCCAACGCGGGGTCCTGGGCCTCCCGGAGTGGCCAGAG,delTTACAGTATGACCGAACAATGGAGAGCCAGTGT
107,del,27,,33,1.0,0.002014385787037312,GTCTGGCTTCCCAACGCGGGGTCCTGGGCCTTTACAGTATGCCAGAG,delACCGAACAATGGAGAGCCAGTGTCCCGGAGTGG
108,del,29,,33,1.0,0.002014385787037312,GTCTGGCTTCCCAACGCGGGGTCCTGGGCCTTTACAGTATGACAGAG,delCGAACAATGGAGAGCCAGTGTCCCGGAGTGGCC
109,del,32,,33,2.0,0.01102815392493375,GTCTGGCTTCCCAACGCGGGGTCCTGGGCCTTTACAGTATGACCGAG,delACAATGGAGAGCCAGTGTCCCGGAGTGGCCAGA
110,del,0,,1,0.0,2.9447386380485554,GTCTGGCTTCCCAACGCGGGGTCCTGGGCCTTTACAGTATGACCGACAATGGAGAGCCAGTGTCCCGGAGTGGCCAGAG,delA
111,del,1,,1,0.0,2.9447386380485554,GTCTGGCTTCCCAACGCGGGGTCCTGGGCCTTTACAGTATGACCGAAAATGGAGAGCCAGTGTCCCGGAGTGGCCAGAG,delC
112,del,0,,2,0.0,4.557877324542542,GTCTGGCTTCCCAACGCGGGGTCCTGGGCCTTTACAGTATGACCGCAATGGAGAGCCAGTGTCCCGGAGTGGCCAGAG,delAA
113,del,0,,3,0.0,3.4116795579262753,GTCTGGCTTCCCAACGCGGGGTCCTGGGCCTTTACAGTATGACCCAATGGAGAGCCAGTGTCCCGGAGTGGCCAGAG,delGAA
114,del,4,,4,0.0,2.310157023844691,GTCTGGCTTCCCAACGCGGGGTCCTGGGCCTTTACAGTATGACCGAAGGAGAGCCAGTGTCCCGGAGTGGCCAGAG,delCAAT
115,del,5,,5,0.0,0.6904005142778978,GTCTGGCTTCCCAACGCGGGGTCCTGGGCCTTTACAGTATGACCGAAGAGAGCCAGTGTCCCGGAGTGGCCAGAG,delCAATG
116,del,2,,5,0.0,0.23013350475929928,GTCTGGCTTCCCAACGCGGGGTCCTGGGCCTTTACAGTATGACCATGGAGAGCCAGTGTCCCGGAGTGGCCAGAG,delGAACA
117,del,3,,5,0.0,0.23013350475929928,GTCTGGCTTCCCAACGCGGGGTCCTGGGCCTTTACAGTATGACCGTGGAGAGCCAGTGTCCCGGAGTGGCCAGAG,delAACAA
118,del,4,,5,0.0,0.23013350475929928,GTCTGGCTTCCCAACGCGGGGTCCTGGGCCTTTACAGTATGACCGAGGAGAGCCAGTGTCCCGGAGTGGCCAGAG,delACAAT
119,del,0,,6,0.0,0.27009719697544005,GTCTGGCTTCCCAACGCGGGGTCCTGGGCCTTTACAGTATGCAATGGAGAGCCAGTGTCCCGGAGTGGCCAGAG,delACCGAA
120,del,6,,6,0.0,0.27009719697544005,GTCTGGCTTCCCAACGCGGGGTCCTGGGCCTTTACAGTATGACCGAAAGAGCCAGTGTCCCGGAGTGGCCAGAG,delCAATGG
121,del,1,,6,0.0,0.054019439395088006,GTCTGGCTTCCCAACGCGGGGTCCTGGGCCTTTACAGTATGAAATGGAGAGCCAGTGTCCCGGAGTGGCCAGAG,delCCGAAC
122,del,2,,6,0.0,0.054019439395088006,GTCTGGCTTCCCAACGCGGGGTCCTGGGCCTTTACAGTATGACATGGAGAGCCAGTGTCCCGGAGTGGCCAGAG,delCGAACA
123,del,3,,6,0.0,0.054019439395088006,GTCTGGCTTCCCAACGCGGGGTCCTGGGCCTTTACAGTATGACCTGGAGAGCCAGTGTCCCGGAGTGGCCAGAG,delGAACAA
124,del,4,,6,0.0,0.054019439395088006,GTCTGGCTTCCCAACGCGGGGTCCTGGGCCTTTACAGTATGACCGGGAGAGCCAGTGTCCCGGAGTGGCCAGAG,delAACAAT
125,del,5,,6,0.0,0.054019439395088006,GTCTGGCTTCCCAACGCGGGGTCCTGGGCCTTTACAGTATGACCGAGAGAGCCAGTGTCCCGGAGTGGCCAGAG,delACAATG
126,del,0,,7,0.0,0.2372038373731811,GTCTGGCTTCCCAACGCGGGGTCCTGGGCCTTTACAGTATCAATGGAGAGCCAGTGTCCCGGAGTGGCCAGAG,delGACCGAA
127,del,3,,7,0.0,0.2372038373731811,GTCTGGCTTCCCAACGCGGGGTCCTGGGCCTTTACAGTATGACTGGAGAGCCAGTGTCCCGGAGTGGCCAGAG,delCGAACAA
128,del,0,,8,0.0,0.09231487265877003,GTCTGGCTTCCCAACGCGGGGTCCTGGGCCTTTACAGTACAATGGAGAGCCAGTGTCCCGGAGTGGCCAGAG,delTGACCGAA
129,del,8,,8,0.0,0.09231487265877003,GTCTGGCTTCCCAACGCGGGGTCCTGGGCCTTTACAGTATGACCGAAAGCCAGTGTCCCGGAGTGGCCAGAG,delCAATGGAG
130,del,1,,8,0.0,0.046157436329385015,GTCTGGCTTCCCAACGCGGGGTCCTGGGCCTTTACAGTATAATGGAGAGCCAGTGTCCCGGAGTGGCCAGAG,delGACCGAAC
131,del,4,,8,0.0,0.046157436329385015,GTCTGGCTTCCCAACGCGGGGTCCTGGGCCTTTACAGTATGACGGAGAGCCAGTGTCCCGGAGTGGCCAGAG,delCGAACAAT
132,del,0,,9,0.0,0.08979023008187764,GTCTGGCTTCCCAACGCGGGGTCCTGGGCCTTTACAGTCAATGGAGAGCCAGTGTCCCGGAGTGGCCAGAG,delATGACCGAA
133,del,1,,9,0.0,0.01282717572598252,GTCTGGCTTCCCAACGCGGGGTCCTGGGCCTTTACAGTAAATGGAGAGCCAGTGTCCCGGAGTGGCCAGAG,delTGACCGAAC
134,del,2,,9,0.0,0.01282717572598252,GTCTGGCTTCCCAACGCGGGGTCCTGGGCCTTTACAGTATATGGAGAGCCAGTGTCCCGGAGTGGCCAGAG,delGACCGAACA
135,del,3,,9,0.0,0.01282717572598252,GTCTGGCTTCCCAACGCGGGGTCCTGGGCCTTTACAGTATGTGGAGAGCCAGTGTCCCGGAGTGGCCAGAG,delACCGAACAA
136,del,4,,9,0.0,0.01282717572598252,GTCTGGCTTCCCAACGCGGGGTCCTGGGCCTTTACAGTATGAGGAGAGCCAGTGTCCCGGAGTGGCCAGAG,delCCGAACAAT
137,del,5,,9,0.0,0.01282717572598252,GTCTGGCTTCCCAACGCGGGGTCCTGGGCCTTTACAGTATGACGAGAGCCAGTGTCCCGGAGTGGCCAGAG,delCGAACAATG
138,del,6,,9,0.0,0.01282717572598252,GTCTGGCTTCCCAACGCGGGGTCCTGGGCCTTTACAGTATGACCAGAGCCAGTGTCCCGGAGTGGCCAGAG,delGAACAATGG
139,del,7,,9,0.0,0.01282717572598252,GTCTGGCTTCCCAACGCGGGGTCCTGGGCCTTTACAGTATGACCGGAGCCAGTGTCCCGGAGTGGCCAGAG,delAACAATGGA
140,del,0,,10,0.0,0.04296535828812048,GTCTGGCTTCCCAACGCGGGGTCCTGGGCCTTTACAGCAATGGAGAGCCAGTGTCCCGGAGTGGCCAGAG,delTATGACCGAA
141,del,10,,10,0.0,0.04296535828812048,GTCTGGCTTCCCAACGCGGGGTCCTGGGCCTTTACAGTATGACCGAACCAGTGTCCCGGAGTGGCCAGAG,delCAATGGAGAG
142,del,3,,10,0.0,0.01074133957203012,GTCTGGCTTCCCAACGCGGGGTCCTGGGCCTTTACAGTATTGGAGAGCCAGTGTCCCGGAGTGGCCAGAG,delGACCGAACAA
143,del,4,,10,0.0,0.01074133957203012,GTCTGGCTTCCCAACGCGGGGTCCTGGGCCTTTACAGTATGGGAGAGCCAGTGTCCCGGAGTGGCCAGAG,delACCGAACAAT
144,del,5,,10,0.0,0.01074133957203012,GTCTGGCTTCCCAACGCGGGGTCCTGGGCCTTTACAGTATGAGAGAGCCAGTGTCCCGGAGTGGCCAGAG,delCCGAACAATG
145,del,6,,10,0.0,0.01074133957203012,GTCTGGCTTCCCAACGCGGGGTCCTGGGCCTTTACAGTATGACAGAGCCAGTGTCCCGGAGTGGCCAGAG,delCGAACAATGG
146,del,0,,11,0.0,0.032348616086469016,GTCTGGCTTCCCAACGCGGGGTCCTGGGCCTTTACACAATGGAGAGCCAGTGTCCCGGAGTGGCCAGAG,delGTATGACCGAA
147,del,11,,11,0.0,0.032348616086469016,GTCTGGCTTCCCAACGCGGGGTCCTGGGCCTTTACAGTATGACCGAACAGTGTCCCGGAGTGGCCAGAG,delCAATGGAGAGC
148,del,1,,11,0.0,0.005391436014411503,GTCTGGCTTCCCAACGCGGGGTCCTGGGCCTTTACAGAATGGAGAGCCAGTGTCCCGGAGTGGCCAGAG,delTATGACCGAAC
149,del,6,,11,0.0,0.005391436014411503,GTCTGGCTTCCCAACGCGGGGTCCTGGGCCTTTACAGTATGAAGAGCCAGTGTCCCGGAGTGGCCAGAG,delCCGAACAATGG
150,del,7,,11,0.0,0.005391436014411503,GTCTGGCTTCCCAACGCGGGGTCCTGGGCCTTTACAGTATGACGAGCCAGTGTCCCGGAGTGGCCAGAG,delCGAACAATGGA
151,del,8,,11,0.0,0.005391436014411503,GTCTGGCTTCCCAACGCGGGGTCCTGGGCCTTTACAGTATGACCAGCCAGTGTCCCGGAGTGGCCAGAG,delGAACAATGGAG
152,del,9,,11,0.0,0.005391436014411503,GTCTGGCTTCCCAACGCGGGGTCCTGGGCCTTTACAGTATGACCGGCCAGTGTCCCGGAGTGGCCAGAG,delAACAATGGAGA
153,del,10,,11,0.0,0.005391436014411503,GTCTGGCTTCCCAACGCGGGGTCCTGGGCCTTTACAGTATGACCGACCAGTGTCCCGGAGTGGCCAGAG,delACAATGGAGAG
154,del,0,,12,0.0,0.024819423618655075,GTCTGGCTTCCCAACGCGGGGTCCTGGGCCTTTACCAATGGAGAGCCAGTGTCCCGGAGTGGCCAGAG,delAGTATGACCGAA
155,del,12,,12,0.0,0.024819423618655075,GTCTGGCTTCCCAACGCGGGGTCCTGGGCCTTTACAGTATGACCGAAAGTGTCCCGGAGTGGCCAGAG,delCAATGGAGAGCC
156,del,1,,12,0.0,0.004136570603109179,GTCTGGCTTCCCAACGCGGGGTCCTGGGCCTTTACAAATGGAGAGCCAGTGTCCCGGAGTGGCCAGAG,delGTATGACCGAAC
157,del,2,,12,0.0,0.004136570603109179,GTCTGGCTTCCCAACGCGGGGTCCTGGGCCTTTACAGATGGAGAGCCAGTGTCCCGGAGTGGCCAGAG,delTATGACCGAACA
158,del,3,,12,0.0,0.004136570603109179,GTCTGGCTTCCCAACGCGGGGTCCTGGGCCTTTACAGTTGGAGAGCCAGTGTCCCGGAGTGGCCAGAG,delATGACCGAACAA
159,del,4,,12,0.0,0.004136570603109179,GTCTGGCTTCCCAACGCGGGGTCCTGGGCCTTTACAGTAGGAGAGCCAGTGTCCCGGAGTGGCCAGAG,delTGACCGAACAAT
160,del,8,,12,0.0,0.004136570603109179,GTCTGGCTTCCCAACGCGGGGTCCTGGGCCTTTACAGTATGACAGCCAGTGTCCCGGAGTGGCCAGAG,delCGAACAATGGAG
161,del,11,,12,0.0,0.004136570603109179,GTCTGGCTTCCCAACGCGGGGTCCTGGGCCTTTACAGTATGACCGACAGTGTCCCGGAGTGGCCAGAG,delACAATGGAGAGC
162,del,5,,13,0.0,0.008224093787214592,GTCTGGCTTCCCAACGCGGGGTCCTGGGCCTTTACAGTAGAGAGCCAGTGTCCCGGAGTGGCCAGAG,delTGACCGAACAATG
163,del,6,,13,0.0,0.008224093787214592,GTCTGGCTTCCCAACGCGGGGTCCTGGGCCTTTACAGTATAGAGCCAGTGTCCCGGAGTGGCCAGAG,delGACCGAACAATGG
164,del,7,,13,0.0,0.008224093787214592,GTCTGGCTTCCCAACGCGGGGTCCTGGGCCTTTACAGTATGGAGCCAGTGTCCCGGAGTGGCCAGAG,delACCGAACAATGGA
165,del,8,,13,0.0,0.008224093787214592,GTCTGGCTTCCCAACGCGGGGTCCTGGGCCTTTACAGTATGAAGCCAGTGTCCCGGAGTGGCCAGAG,delCCGAACAATGGAG
166,del,9,,13,0.0,0.008224093787214592,GTCTGGCTTCCCAACGCGGGGTCCTGGGCCTTTACAGTATGACGCCAGTGTCCCGGAGTGGCCAGAG,delCGAACAATGGAGA
167,del,10,,13,0.0,0.008224093787214592,GTCTGGCTTCCCAACGCGGGGTCCTGGGCCTTTACAGTATGACCCCAGTGTCCCGGAGTGGCCAGAG,delGAACAATGGAGAG
168,del,11,,13,0.0,0.008224093787214592,GTCTGGCTTCCCAACGCGGGGTCCTGGGCCTTTACAGTATGACCGCAGTGTCCCGGAGTGGCCAGAG,delAACAATGGAGAGC
169,del,0,,14,0.0,0.01488745315164628,GTCTGGCTTCCCAACGCGGGGTCCTGGGCCTTTCAATGGAGAGCCAGTGTCCCGGAGTGGCCAGAG,delACAGTATGACCGAA
170,del,14,,14,0.0,0.01488745315164628,GTCTGGCTTCCCAACGCGGGGTCCTGGGCCTTTACAGTATGACCGAATGTCCCGGAGTGGCCAGAG,delCAATGGAGAGCCAG
171,del,1,,14,0.0,0.00372186328791157,GTCTGGCTTCCCAACGCGGGGTCCTGGGCCTTTAAATGGAGAGCCAGTGTCCCGGAGTGGCCAGAG,delCAGTATGACCGAAC
172,del,4,,14,0.0,0.00372186328791157,GTCTGGCTTCCCAACGCGGGGTCCTGGGCCTTTACAGGGAGAGCCAGTGTCCCGGAGTGGCCAGAG,delTATGACCGAACAAT
173,del,5,,14,0.0,0.00372186328791157,GTCTGGCTTCCCAACGCGGGGTCCTGGGCCTTTACAGTGAGAGCCAGTGTCCCGGAGTGGCCAGAG,delATGACCGAACAATG
174,del,6,,14,0.0,0.00372186328791157,GTCTGGCTTCCCAACGCGGGGTCCTGGGCCTTTACAGTAAGAGCCAGTGTCCCGGAGTGGCCAGAG,delTGACCGAACAATGG
175,del,0,,15,0.0,0.011569069828278752,GTCTGGCTTCCCAACGCGGGGTCCTGGGCCTTCAATGGAGAGCCAGTGTCCCGGAGTGGCCAGAG,delTACAGTATGACCGAA
176,del,15,,15,0.0,0.011569069828278752,GTCTGGCTTCCCAACGCGGGGTCCTGGGCCTTTACAGTATGACCGAAGTCCCGGAGTGGCCAGAG,delCAATGGAGAGCCAGT
177,del,3,,15,0.0,0.0023138139656557503,GTCTGGCTTCCCAACGCGGGGTCCTGGGCCTTTACTGGAGAGCCAGTGTCCCGGAGTGGCCAGAG,delAGTATGACCGAACAA
178,del,8,,15,0.0,0.0023138139656557503,GTCTGGCTTCCCAACGCGGGGTCCTGGGCCTTTACAGTATAGCCAGTGTCCCGGAGTGGCCAGAG,delGACCGAACAATGGAG
179,del,9,,15,0.0,0.0023138139656557503,GTCTGGCTTCCCAACGCGGGGTCCTGGGCCTTTACAGTATGGCCAGTGTCCCGGAGTGGCCAGAG,delACCGAACAATGGAGA
180,del,13,,15,0.0,0.0023138139656557503,GTCTGGCTTCCCAACGCGGGGTCCTGGGCCTTTACAGTATGACCGGTGTCCCGGAGTGGCCAGAG,delAACAATGGAGAGCCA
181,del,14,,15,0.0,0.0023138139656557503,GTCTGGCTTCCCAACGCGGGGTCCTGGGCCTTTACAGTATGACCGATGTCCCGGAGTGGCCAGAG,delACAATGGAGAGCCAG
182,del,0,,16,0.0,0.008998256504296765,GTCTGGCTTCCCAACGCGGGGTCCTGGGCCTCAATGGAGAGCCAGTGTCCCGGAGTGGCCAGAG,delTTACAGTATGACCGAA
183,del,16,,16,0.0,0.008998256504296765,GTCTGGCTTCCCAACGCGGGGTCCTGGGCCTTTACAGTATGACCGAATCCCGGAGTGGCCAGAG,delCAATGGAGAGCCAGTG
184,del,1,,16,0.0,0.001799651300859353,GTCTGGCTTCCCAACGCGGGGTCCTGGGCCTTAATGGAGAGCCAGTGTCCCGGAGTGGCCAGAG,delTACAGTATGACCGAAC
185,del,4,,16,0.0,0.001799651300859353,GTCTGGCTTCCCAACGCGGGGTCCTGGGCCTTTACGGAGAGCCAGTGTCCCGGAGTGGCCAGAG,delAGTATGACCGAACAAT
186,del,7,,16,0.0,0.001799651300859353,GTCTGGCTTCCCAACGCGGGGTCCTGGGCCTTTACAGTGAGCCAGTGTCCCGGAGTGGCCAGAG,delATGACCGAACAATGGA
187,del,8,,16,0.0,0.001799651300859353,GTCTGGCTTCCCAACGCGGGGTCCTGGGCCTTTACAGTAAGCCAGTGTCCCGGAGTGGCCAGAG,delTGACCGAACAATGGAG
188,del,15,,16,0.0,0.001799651300859353,GTCTGGCTTCCCAACGCGGGGTCCTGGGCCTTTACAGTATGACCGAGTCCCGGAGTGGCCAGAG,delACAATGGAGAGCCAGT
189,del,0,,17,0.0,0.007002188799432742,GTCTGGCTTCCCAACGCGGGGTCCTGGGCCCAATGGAGAGCCAGTGTCCCGGAGTGGCCAGAG,delTTTACAGTATGACCGAA
190,del,17,,17,0.0,0.007002188799432742,GTCTGGCTTCCCAACGCGGGGTCCTGGGCCTTTACAGTATGACCGAACCCGGAGTGGCCAGAG,delCAATGGAGAGCCAGTGT
191,del,1,,17,0.0,0.0005001563428166245,GTCTGGCTTCCCAACGCGGGGTCCTGGGCCTAATGGAGAGCCAGTGTCCCGGAGTGGCCAGAG,delTTACAGTATGACCGAAC
192,del,2,,17,0.0,0.0005001563428166245,GTCTGGCTTCCCAACGCGGGGTCCTGGGCCTTATGGAGAGCCAGTGTCCCGGAGTGGCCAGAG,delTACAGTATGACCGAACA
193,del,3,,17,0.0,0.0005001563428166245,GTCTGGCTTCCCAACGCGGGGTCCTGGGCCTTTTGGAGAGCCAGTGTCCCGGAGTGGCCAGAG,delACAGTATGACCGAACAA
194,del,4,,17,0.0,0.0005001563428166245,GTCTGGCTTCCCAACGCGGGGTCCTGGGCCTTTAGGAGAGCCAGTGTCCCGGAGTGGCCAGAG,delCAGTATGACCGAACAAT
195,del,5,,17,0.0,0.0005001563428166245,GTCTGGCTTCCCAACGCGGGGTCCTGGGCCTTTACGAGAGCCAGTGTCCCGGAGTGGCCAGAG,delAGTATGACCGAACAATG
196,del,6,,17,0.0,0.0005001563428166245,GTCTGGCTTCCCAACGCGGGGTCCTGGGCCTTTACAAGAGCCAGTGTCCCGGAGTGGCCAGAG,delGTATGACCGAACAATGG
197,del,7,,17,0.0,0.0005001563428166245,GTCTGGCTTCCCAACGCGGGGTCCTGGGCCTTTACAGGAGCCAGTGTCCCGGAGTGGCCAGAG,delTATGACCGAACAATGGA
198,del,10,,17,0.0,0.0005001563428166245,GTCTGGCTTCCCAACGCGGGGTCCTGGGCCTTTACAGTATCCAGTGTCCCGGAGTGGCCAGAG,delGACCGAACAATGGAGAG
199,del,11,,17,0.0,0.0005001563428166245,GTCTGGCTTCCCAACGCGGGGTCCTGGGCCTTTACAGTATGCAGTGTCCCGGAGTGGCCAGAG,delACCGAACAATGGAGAGC
200,del,12,,17,0.0,0.0005001563428166245,GTCTGGCTTCCCAACGCGGGGTCCTGGGCCTTTACAGTATGAAGTGTCCCGGAGTGGCCAGAG,delCCGAACAATGGAGAGCC
201,del,13,,17,0.0,0.0005001563428166245,GTCTGGCTTCCCAACGCGGGGTCCTGGGCCTTTACAGTATGACGTGTCCCGGAGTGGCCAGAG,delCGAACAATGGAGAGCCA
202,del,14,,17,0.0,0.0005001563428166245,GTCTGGCTTCCCAACGCGGGGTCCTGGGCCTTTACAGTATGACCTGTCCCGGAGTGGCCAGAG,delGAACAATGGAGAGCCAG
203,del,15,,17,0.0,0.0005001563428166245,GTCTGGCTTCCCAACGCGGGGTCCTGGGCCTTTACAGTATGACCGGTCCCGGAGTGGCCAGAG,delAACAATGGAGAGCCAGT
204,del,16,,17,0.0,0.0005001563428166245,GTCTGGCTTCCCAACGCGGGGTCCTGGGCCTTTACAGTATGACCGATCCCGGAGTGGCCAGAG,delACAATGGAGAGCCAGTG
205,del,18,,18,0.0,0.008175764996818888,GTCTGGCTTCCCAACGCGGGGTCCTGGGCCTTTACAGTATGACCGAACCGGAGTGGCCAGAG,delCAATGGAGAGCCAGTGTC
206,del,2,,18,0.0,0.001167966428116984,GTCTGGCTTCCCAACGCGGGGTCCTGGGCCTATGGAGAGCCAGTGTCCCGGAGTGGCCAGAG,delTTACAGTATGACCGAACA
207,del,5,,18,0.0,0.001167966428116984,GTCTGGCTTCCCAACGCGGGGTCCTGGGCCTTTAGAGAGCCAGTGTCCCGGAGTGGCCAGAG,delCAGTATGACCGAACAATG
208,del,9,,18,0.0,0.001167966428116984,GTCTGGCTTCCCAACGCGGGGTCCTGGGCCTTTACAGTGCCAGTGTCCCGGAGTGGCCAGAG,delATGACCGAACAATGGAGA
209,del,10,,18,0.0,0.001167966428116984,GTCTGGCTTCCCAACGCGGGGTCCTGGGCCTTTACAGTACCAGTGTCCCGGAGTGGCCAGAG,delTGACCGAACAATGGAGAG
210,del,11,,18,0.0,0.001167966428116984,GTCTGGCTTCCCAACGCGGGGTCCTGGGCCTTTACAGTATCAGTGTCCCGGAGTGGCCAGAG,delGACCGAACAATGGAGAGC
211,del,14,,18,0.0,0.001167966428116984,GTCTGGCTTCCCAACGCGGGGTCCTGGGCCTTTACAGTATGACTGTCCCGGAGTGGCCAGAG,delCGAACAATGGAGAGCCAG
212,del,17,,18,0.0,0.001167966428116984,GTCTGGCTTCCCAACGCGGGGTCCTGGGCCTTTACAGTATGACCGACCCGGAGTGGCCAGAG,delACAATGGAGAGCCAGTGT
213,del,19,,19,0.0,0.006365176584896437,GTCTGGCTTCCCAACGCGGGGTCCTGGGCCTTTACAGTATGACCGAACGGAGTGGCCAGAG,delCAATGGAGAGCCAGTGTCC
214,del,2,,19,0.0,0.0004243451056597625,GTCTGGCTTCCCAACGCGGGGTCCTGGGCCATGGAGAGCCAGTGTCCCGGAGTGGCCAGAG,delTTTACAGTATGACCGAACA
215,del,5,,19,0.0,0.0004243451056597625,GTCTGGCTTCCCAACGCGGGGTCCTGGGCCTTTGAGAGCCAGTGTCCCGGAGTGGCCAGAG,delACAGTATGACCGAACAATG
216,del,6,,19,0.0,0.0004243451056597625,GTCTGGCTTCCCAACGCGGGGTCCTGGGCCTTTAAGAGCCAGTGTCCCGGAGTGGCCAGAG,delCAGTATGACCGAACAATGG
217,del,7,,19,0.0,0.0004243451056597625,GTCTGGCTTCCCAACGCGGGGTCCTGGGCCTTTACGAGCCAGTGTCCCGGAGTGGCCAGAG,delAGTATGACCGAACAATGGA
218,del,8,,19,0.0,0.0004243451056597625,GTCTGGCTTCCCAACGCGGGGTCCTGGGCCTTTACAAGCCAGTGTCCCGGAGTGGCCAGAG,delGTATGACCGAACAATGGAG
219,del,9,,19,0.0,0.0004243451056597625,GTCTGGCTTCCCAACGCGGGGTCCTGGGCCTTTACAGGCCAGTGTCCCGGAGTGGCCAGAG,delTATGACCGAACAATGGAGA
220,del,10,,19,0.0,0.0004243451056597625,GTCTGGCTTCCCAACGCGGGGTCCTGGGCCTTTACAGTCCAGTGTCCCGGAGTGGCCAGAG,delATGACCGAACAATGGAGAG
221,del,11,,19,0.0,0.0004243451056597625,GTCTGGCTTCCCAACGCGGGGTCCTGGGCCTTTACAGTACAGTGTCCCGGAGTGGCCAGAG,delTGACCGAACAATGGAGAGC
222,del,12,,19,0.0,0.0004243451056597625,GTCTGGCTTCCCAACGCGGGGTCCTGGGCCTTTACAGTATAGTGTCCCGGAGTGGCCAGAG,delGACCGAACAATGGAGAGCC
223,del,13,,19,0.0,0.0004243451056597625,GTCTGGCTTCCCAACGCGGGGTCCTGGGCCTTTACAGTATGGTGTCCCGGAGTGGCCAGAG,delACCGAACAATGGAGAGCCA
224,del,14,,19,0.0,0.0004243451056597625,GTCTGGCTTCCCAACGCGGGGTCCTGGGCCTTTACAGTATGATGTCCCGGAGTGGCCAGAG,delCCGAACAATGGAGAGCCAG
225,del,15,,19,0.0,0.0004243451056597625,GTCTGGCTTCCCAACGCGGGGTCCTGGGCCTTTACAGTATGACGTCCCGGAGTGGCCAGAG,delCGAACAATGGAGAGCCAGT
226,del,16,,19,0.0,0.0004243451056597625,GTCTGGCTTCCCAACGCGGGGTCCTGGGCCTTTACAGTATGACCTCCCGGAGTGGCCAGAG,delGAACAATGGAGAGCCAGTG
227,del,17,,19,0.0,0.0004243451056597625,GTCTGGCTTCCCAACGCGGGGTCCTGGGCCTTTACAGTATGACCGCCCGGAGTGGCCAGAG,delAACAATGGAGAGCCAGTGT
228,del,18,,19,0.0,0.0004243451056597625,GTCTGGCTTCCCAACGCGGGGTCCTGGGCCTTTACAGTATGACCGACCGGAGTGGCCAGAG,delACAATGGAGAGCCAGTGTC
229,del,0,,20,0.0,0.003304083677683842,GTCTGGCTTCCCAACGCGGGGTCCTGGCAATGGAGAGCCAGTGTCCCGGAGTGGCCAGAG,delGCCTTTACAGTATGACCGAA
230,del,20,,20,0.0,0.003304083677683842,GTCTGGCTTCCCAACGCGGGGTCCTGGGCCTTTACAGTATGACCGAAGGAGTGGCCAGAG,delCAATGGAGAGCCAGTGTCCC
231,del,1,,20,0.0,0.0003304083677683842,GTCTGGCTTCCCAACGCGGGGTCCTGGGAATGGAGAGCCAGTGTCCCGGAGTGGCCAGAG,delCCTTTACAGTATGACCGAAC
232,del,2,,20,0.0,0.0003304083677683842,GTCTGGCTTCCCAACGCGGGGTCCTGGGCATGGAGAGCCAGTGTCCCGGAGTGGCCAGAG,delCTTTACAGTATGACCGAACA
233,del,5,,20,0.0,0.0003304083677683842,GTCTGGCTTCCCAACGCGGGGTCCTGGGCCTTGAGAGCCAGTGTCCCGGAGTGGCCAGAG,delTACAGTATGACCGAACAATG
234,del,11,,20,0.0,0.0003304083677683842,GTCTGGCTTCCCAACGCGGGGTCCTGGGCCTTTACAGTCAGTGTCCCGGAGTGGCCAGAG,delATGACCGAACAATGGAGAGC
235,del,12,,20,0.0,0.0003304083677683842,GTCTGGCTTCCCAACGCGGGGTCCTGGGCCTTTACAGTAAGTGTCCCGGAGTGGCCAGAG,delTGACCGAACAATGGAGAGCC
236,del,15,,20,0.0,0.0003304083677683842,GTCTGGCTTCCCAACGCGGGGTCCTGGGCCTTTACAGTATGAGTCCCGGAGTGGCCAGAG,delCCGAACAATGGAGAGCCAGT
237,del,16,,20,0.0,0.0003304083677683842,GTCTGGCTTCCCAACGCGGGGTCCTGGGCCTTTACAGTATGACTCCCGGAGTGGCCAGAG,delCGAACAATGGAGAGCCAGTG
238,del,17,,20,0.0,0.0003304083677683842,GTCTGGCTTCCCAACGCGGGGTCCTGGGCCTTTACAGTATGACCCCCGGAGTGGCCAGAG,delGAACAATGGAGAGCCAGTGT
239,del,18,,20,0.0,0.0003304083677683842,GTCTGGCTTCCCAACGCGGGGTCCTGGGCCTTTACAGTATGACCGCCGGAGTGGCCAGAG,delAACAATGGAGAGCCAGTGTC
240,del,19,,20,0.0,0.0003304083677683842,GTCTGGCTTCCCAACGCGGGGTCCTGGGCCTTTACAGTATGACCGACGGAGTGGCCAGAG,delACAATGGAGAGCCAGTGTCC
241,del,0,,21,0.0,0.0025728528932118925,GTCTGGCTTCCCAACGCGGGGTCCTGCAATGGAGAGCCAGTGTCCCGGAGTGGCCAGAG,delGGCCTTTACAGTATGACCGAA
242,del,21,,21,0.0,0.0025728528932118925,GTCTGGCTTCCCAACGCGGGGTCCTGGGCCTTTACAGTATGACCGAAGAGTGGCCAGAG,delCAATGGAGAGCCAGTGTCCCG
243,del,1,,21,0.0,0.00016080330582574328,GTCTGGCTTCCCAACGCGGGGTCCTGGAATGGAGAGCCAGTGTCCCGGAGTGGCCAGAG,delGCCTTTACAGTATGACCGAAC
244,del,2,,21,0.0,0.00016080330582574328,GTCTGGCTTCCCAACGCGGGGTCCTGGGATGGAGAGCCAGTGTCCCGGAGTGGCCAGAG,delCCTTTACAGTATGACCGAACA
245,del,3,,21,0.0,0.00016080330582574328,GTCTGGCTTCCCAACGCGGGGTCCTGGGCTGGAGAGCCAGTGTCCCGGAGTGGCCAGAG,delCTTTACAGTATGACCGAACAA
246,del,4,,21,0.0,0.00016080330582574328,GTCTGGCTTCCCAACGCGGGGTCCTGGGCCGGAGAGCCAGTGTCCCGGAGTGGCCAGAG,delTTTACAGTATGACCGAACAAT
247,del,5,,21,0.0,0.00016080330582574328,GTCTGGCTTCCCAACGCGGGGTCCTGGGCCTGAGAGCCAGTGTCCCGGAGTGGCCAGAG,delTTACAGTATGACCGAACAATG
248,del,6,,21,0.0,0.00016080330582574328,GTCTGGCTTCCCAACGCGGGGTCCTGGGCCTTAGAGCCAGTGTCCCGGAGTGGCCAGAG,delTACAGTATGACCGAACAATGG
249,del,7,,21,0.0,0.00016080330582574328,GTCTGGCTTCCCAACGCGGGGTCCTGGGCCTTTGAGCCAGTGTCCCGGAGTGGCCAGAG,delACAGTATGACCGAACAATGGA
250,del,8,,21,0.0,0.00016080330582574328,GTCTGGCTTCCCAACGCGGGGTCCTGGGCCTTTAAGCCAGTGTCCCGGAGTGGCCAGAG,delCAGTATGACCGAACAATGGAG
251,del,9,,21,0.0,0.00016080330582574328,GTCTGGCTTCCCAACGCGGGGTCCTGGGCCTTTACGCCAGTGTCCCGGAGTGGCCAGAG,delAGTATGACCGAACAATGGAGA
252,del,10,,21,0.0,0.00016080330582574328,GTCTGGCTTCCCAACGCGGGGTCCTGGGCCTTTACACCAGTGTCCCGGAGTGGCCAGAG,delGTATGACCGAACAATGGAGAG
253,del,11,,21,0.0,0.00016080330582574328,GTCTGGCTTCCCAACGCGGGGTCCTGGGCCTTTACAGCAGTGTCCCGGAGTGGCCAGAG,delTATGACCGAACAATGGAGAGC
254,del,14,,21,0.0,0.00016080330582574328,GTCTGGCTTCCCAACGCGGGGTCCTGGGCCTTTACAGTATTGTCCCGGAGTGGCCAGAG,delGACCGAACAATGGAGAGCCAG
255,del,15,,21,0.0,0.00016080330582574328,GTCTGGCTTCCCAACGCGGGGTCCTGGGCCTTTACAGTATGGTCCCGGAGTGGCCAGAG,delACCGAACAATGGAGAGCCAGT
256,del,16,,21,0.0,0.00016080330582574328,GTCTGGCTTCCCAACGCGGGGTCCTGGGCCTTTACAGTATGATCCCGGAGTGGCCAGAG,delCCGAACAATGGAGAGCCAGTG
257,del,19,,21,0.0,0.00016080330582574328,GTCTGGCTTCCCAACGCGGGGTCCTGGGCCTTTACAGTATGACCGCGGAGTGGCCAGAG,delAACAATGGAGAGCCAGTGTCC
258,del,20,,21,0.0,0.00016080330582574328,GTCTGGCTTCCCAACGCGGGGTCCTGGGCCTTTACAGTATGACCGAGGAGTGGCCAGAG,delACAATGGAGAGCCAGTGTCCC
259,del,0,,22,0.0,0.002003548309538667,GTCTGGCTTCCCAACGCGGGGTCCTCAATGGAGAGCCAGTGTCCCGGAGTGGCCAGAG,delGGGCCTTTACAGTATGACCGAA
260,del,22,,22,0.0,0.002003548309538667,GTCTGGCTTCCCAACGCGGGGTCCTGGGCCTTTACAGTATGACCGAAAGTGGCCAGAG,delCAATGGAGAGCCAGTGTCCCGG
261,del,1,,22,0.0,0.0001541191007337436,GTCTGGCTTCCCAACGCGGGGTCCTGAATGGAGAGCCAGTGTCCCGGAGTGGCCAGAG,delGGCCTTTACAGTATGACCGAAC
262,del,2,,22,0.0,0.0001541191007337436,GTCTGGCTTCCCAACGCGGGGTCCTGGATGGAGAGCCAGTGTCCCGGAGTGGCCAGAG,delGCCTTTACAGTATGACCGAACA
263,del,3,,22,0.0,0.0001541191007337436,GTCTGGCTTCCCAACGCGGGGTCCTGGGTGGAGAGCCAGTGTCCCGGAGTGGCCAGAG,delCCTTTACAGTATGACCGAACAA
264,del,4,,22,0.0,0.0001541191007337436,GTCTGGCTTCCCAACGCGGGGTCCTGGGCGGAGAGCCAGTGTCCCGGAGTGGCCAGAG,delCTTTACAGTATGACCGAACAAT
265,del,5,,22,0.0,0.0001541191007337436,GTCTGGCTTCCCAACGCGGGGTCCTGGGCCGAGAGCCAGTGTCCCGGAGTGGCCAGAG,delTTTACAGTATGACCGAACAATG
266,del,6,,22,0.0,0.0001541191007337436,GTCTGGCTTCCCAACGCGGGGTCCTGGGCCTAGAGCCAGTGTCCCGGAGTGGCCAGAG,delTTACAGTATGACCGAACAATGG
267,del,7,,22,0.0,0.0001541191007337436,GTCTGGCTTCCCAACGCGGGGTCCTGGGCCTTGAGCCAGTGTCCCGGAGTGGCCAGAG,delTACAGTATGACCGAACAATGGA
268,del,10,,22,0.0,0.0001541191007337436,GTCTGGCTTCCCAACGCGGGGTCCTGGGCCTTTACCCAGTGTCCCGGAGTGGCCAGAG,delAGTATGACCGAACAATGGAGAG
269,del,11,,22,0.0,0.0001541191007337436,GTCTGGCTTCCCAACGCGGGGTCCTGGGCCTTTACACAGTGTCCCGGAGTGGCCAGAG,delGTATGACCGAACAATGGAGAGC
270,del,12,,22,0.0,0.0001541191007337436,GTCTGGCTTCCCAACGCGGGGTCCTGGGCCTTTACAGAGTGTCCCGGAGTGGCCAGAG,delTATGACCGAACAATGGAGAGCC
271,del,13,,22,0.0,0.0001541191007337436,GTCTGGCTTCCCAACGCGGGGTCCTGGGCCTTTACAGTGTGTCCCGGAGTGGCCAGAG,delATGACCGAACAATGGAGAGCCA
272,del,20,,22,0.0,0.0001541191007337436,GTCTGGCTTCCCAACGCGGGGTCCTGGGCCTTTACAGTATGACCGGGAGTGGCCAGAG,delAACAATGGAGAGCCAGTGTCCC
273,del,21,,22,0.0,0.0001541191007337436,GTCTGGCTTCCCAACGCGGGGTCCTGGGCCTTTACAGTATGACCGAGAGTGGCCAGAG,delACAATGGAGAGCCAGTGTCCCG
274,del,0,,23,0.0,0.0023403981417999035,GTCTGGCTTCCCAACGCGGGGTCCCAATGGAGAGCCAGTGTCCCGGAGTGGCCAGAG,delTGGGCCTTTACAGTATGACCGAA
275,del,1,,23,0.0,0.00015602654278666024,GTCTGGCTTCCCAACGCGGGGTCCTAATGGAGAGCCAGTGTCCCGGAGTGGCCAGAG,delGGGCCTTTACAGTATGACCGAAC
276,del,2,,23,0.0,0.00015602654278666024,GTCTGGCTTCCCAACGCGGGGTCCTGATGGAGAGCCAGTGTCCCGGAGTGGCCAGAG,delGGCCTTTACAGTATGACCGAACA
277,del,3,,23,0.0,0.00015602654278666024,GTCTGGCTTCCCAACGCGGGGTCCTGGTGGAGAGCCAGTGTCCCGGAGTGGCCAGAG,delGCCTTTACAGTATGACCGAACAA
278,del,4,,23,0.0,0.00015602654278666024,GTCTGGCTTCCCAACGCGGGGTCCTGGGGGAGAGCCAGTGTCCCGGAGTGGCCAGAG,delCCTTTACAGTATGACCGAACAAT
279,del,5,,23,0.0,0.00015602654278666024,GTCTGGCTTCCCAACGCGGGGTCCTGGGCGAGAGCCAGTGTCCCGGAGTGGCCAGAG,delCTTTACAGTATGACCGAACAATG
280,del,6,,23,0.0,0.00015602654278666024,GTCTGGCTTCCCAACGCGGGGTCCTGGGCCAGAGCCAGTGTCCCGGAGTGGCCAGAG,delTTTACAGTATGACCGAACAATGG
281,del,7,,23,0.0,0.00015602654278666024,GTCTGGCTTCCCAACGCGGGGTCCTGGGCCTGAGCCAGTGTCCCGGAGTGGCCAGAG,delTTACAGTATGACCGAACAATGGA
282,del,8,,23,0.0,0.00015602654278666024,GTCTGGCTTCCCAACGCGGGGTCCTGGGCCTTAGCCAGTGTCCCGGAGTGGCCAGAG,delTACAGTATGACCGAACAATGGAG
283,del,9,,23,0.0,0.00015602654278666024,GTCTGGCTTCCCAACGCGGGGTCCTGGGCCTTTGCCAGTGTCCCGGAGTGGCCAGAG,delACAGTATGACCGAACAATGGAGA
284,del,12,,23,0.0,0.00015602654278666024,GTCTGGCTTCCCAACGCGGGGTCCTGGGCCTTTACAAGTGTCCCGGAGTGGCCAGAG,delGTATGACCGAACAATGGAGAGCC
285,del,13,,23,0.0,0.00015602654278666024,GTCTGGCTTCCCAACGCGGGGTCCTGGGCCTTTACAGGTGTCCCGGAGTGGCCAGAG,delTATGACCGAACAATGGAGAGCCA
286,del,14,,23,0.0,0.00015602654278666024,GTCTGGCTTCCCAACGCGGGGTCCTGGGCCTTTACAGTTGTCCCGGAGTGGCCAGAG,delATGACCGAACAATGGAGAGCCAG
287,del,15,,23,0.0,0.00015602654278666024,GTCTGGCTTCCCAACGCGGGGTCCTGGGCCTTTACAGTAGTCCCGGAGTGGCCAGAG,delTGACCGAACAATGGAGAGCCAGT
288,del,16,,23,0.0,0.00015602654278666024,GTCTGGCTTCCCAACGCGGGGTCCTGGGCCTTTACAGTATTCCCGGAGTGGCCAGAG,delGACCGAACAATGGAGAGCCAGTG
289,del,17,,23,0.0,0.00015602654278666024,GTCTGGCTTCCCAACGCGGGGTCCTGGGCCTTTACAGTATGCCCGGAGTGGCCAGAG,delACCGAACAATGGAGAGCCAGTGT
290,del,24,,24,0.0,0.0018226260313106842,GTCTGGCTTCCCAACGCGGGGTCCTGGGCCTTTACAGTATGACCGAATGGCCAGAG,delCAATGGAGAGCCAGTGTCCCGGAG
291,del,2,,24,0.0,0.00022782825391383553,GTCTGGCTTCCCAACGCGGGGTCCTATGGAGAGCCAGTGTCCCGGAGTGGCCAGAG,delGGGCCTTTACAGTATGACCGAACA
292,del,3,,24,0.0,0.00022782825391383553,GTCTGGCTTCCCAACGCGGGGTCCTGTGGAGAGCCAGTGTCCCGGAGTGGCCAGAG,delGGCCTTTACAGTATGACCGAACAA
293,del,6,,24,0.0,0.00022782825391383553,GTCTGGCTTCCCAACGCGGGGTCCTGGGCAGAGCCAGTGTCCCGGAGTGGCCAGAG,delCTTTACAGTATGACCGAACAATGG
294,del,7,,24,0.0,0.00022782825391383553,GTCTGGCTTCCCAACGCGGGGTCCTGGGCCGAGCCAGTGTCCCGGAGTGGCCAGAG,delTTTACAGTATGACCGAACAATGGA
295,del,8,,24,0.0,0.00022782825391383553,GTCTGGCTTCCCAACGCGGGGTCCTGGGCCTAGCCAGTGTCCCGGAGTGGCCAGAG,delTTACAGTATGACCGAACAATGGAG
296,del,9,,24,0.0,0.00022782825391383553,GTCTGGCTTCCCAACGCGGGGTCCTGGGCCTTGCCAGTGTCCCGGAGTGGCCAGAG,delTACAGTATGACCGAACAATGGAGA
297,del,10,,24,0.0,0.00022782825391383553,GTCTGGCTTCCCAACGCGGGGTCCTGGGCCTTTCCAGTGTCCCGGAGTGGCCAGAG,delACAGTATGACCGAACAATGGAGAG
298,del,18,,24,0.0,0.00022782825391383553,GTCTGGCTTCCCAACGCGGGGTCCTGGGCCTTTACAGTATGCCGGAGTGGCCAGAG,delACCGAACAATGGAGAGCCAGTGTC
299,del,25,,25,0.0,0.0014194218809415557,GTCTGGCTTCCCAACGCGGGGTCCTGGGCCTTTACAGTATGACCGAAGGCCAGAG,delCAATGGAGAGCCAGTGTCCCGGAGT
300,del,2,,25,0.0,7.097109404707779e-05,GTCTGGCTTCCCAACGCGGGGTCCATGGAGAGCCAGTGTCCCGGAGTGGCCAGAG,delTGGGCCTTTACAGTATGACCGAACA
301,del,3,,25,0.0,7.097109404707779e-05,GTCTGGCTTCCCAACGCGGGGTCCTTGGAGAGCCAGTGTCCCGGAGTGGCCAGAG,delGGGCCTTTACAGTATGACCGAACAA
302,del,7,,25,0.0,7.097109404707779e-05,GTCTGGCTTCCCAACGCGGGGTCCTGGGCGAGCCAGTGTCCCGGAGTGGCCAGAG,delCTTTACAGTATGACCGAACAATGGA
303,del,8,,25,0.0,7.097109404707779e-05,GTCTGGCTTCCCAACGCGGGGTCCTGGGCCAGCCAGTGTCCCGGAGTGGCCAGAG,delTTTACAGTATGACCGAACAATGGAG
304,del,9,,25,0.0,7.097109404707779e-05,GTCTGGCTTCCCAACGCGGGGTCCTGGGCCTGCCAGTGTCCCGGAGTGGCCAGAG,delTTACAGTATGACCGAACAATGGAGA
305,del,10,,25,0.0,7.097109404707779e-05,GTCTGGCTTCCCAACGCGGGGTCCTGGGCCTTCCAGTGTCCCGGAGTGGCCAGAG,delTACAGTATGACCGAACAATGGAGAG
306,del,11,,25,0.0,7.097109404707779e-05,GTCTGGCTTCCCAACGCGGGGTCCTGGGCCTTTCAGTGTCCCGGAGTGGCCAGAG,delACAGTATGACCGAACAATGGAGAGC
307,del,12,,25,0.0,7.097109404707779e-05,GTCTGGCTTCCCAACGCGGGGTCCTGGGCCTTTAAGTGTCCCGGAGTGGCCAGAG,delCAGTATGACCGAACAATGGAGAGCC
308,del,13,,25,0.0,7.097109404707779e-05,GTCTGGCTTCCCAACGCGGGGTCCTGGGCCTTTACGTGTCCCGGAGTGGCCAGAG,delAGTATGACCGAACAATGGAGAGCCA
309,del,14,,25,0.0,7.097109404707779e-05,GTCTGGCTTCCCAACGCGGGGTCCTGGGCCTTTACATGTCCCGGAGTGGCCAGAG,delGTATGACCGAACAATGGAGAGCCAG
310,del,15,,25,0.0,7.097109404707779e-05,GTCTGGCTTCCCAACGCGGGGTCCTGGGCCTTTACAGGTCCCGGAGTGGCCAGAG,delTATGACCGAACAATGGAGAGCCAGT
311,del,16,,25,0.0,7.097109404707779e-05,GTCTGGCTTCCCAACGCGGGGTCCTGGGCCTTTACAGTTCCCGGAGTGGCCAGAG,delATGACCGAACAATGGAGAGCCAGTG
312,del,17,,25,0.0,7.097109404707779e-05,GTCTGGCTTCCCAACGCGGGGTCCTGGGCCTTTACAGTACCCGGAGTGGCCAGAG,delTGACCGAACAATGGAGAGCCAGTGT
313,del,18,,25,0.0,7.097109404707779e-05,GTCTGGCTTCCCAACGCGGGGTCCTGGGCCTTTACAGTATCCGGAGTGGCCAGAG,delGACCGAACAATGGAGAGCCAGTGTC
314,del,19,,25,0.0,7.097109404707779e-05,GTCTGGCTTCCCAACGCGGGGTCCTGGGCCTTTACAGTATGCGGAGTGGCCAGAG,delACCGAACAATGGAGAGCCAGTGTCC
315,del,20,,25,0.0,7.097109404707779e-05,GTCTGGCTTCCCAACGCGGGGTCCTGGGCCTTTACAGTATGAGGAGTGGCCAGAG,delCCGAACAATGGAGAGCCAGTGTCCC
316,del,21,,25,0.0,7.097109404707779e-05,GTCTGGCTTCCCAACGCGGGGTCCTGGGCCTTTACAGTATGACGAGTGGCCAGAG,delCGAACAATGGAGAGCCAGTGTCCCG
317,del,22,,25,0.0,7.097109404707779e-05,GTCTGGCTTCCCAACGCGGGGTCCTGGGCCTTTACAGTATGACCAGTGGCCAGAG,delGAACAATGGAGAGCCAGTGTCCCGG
318,del,23,,25,0.0,7.097109404707779e-05,GTCTGGCTTCCCAACGCGGGGTCCTGGGCCTTTACAGTATGACCGGTGGCCAGAG,delAACAATGGAGAGCCAGTGTCCCGGA
319,del,24,,25,0.0,7.097109404707779e-05,GTCTGGCTTCCCAACGCGGGGTCCTGGGCCTTTACAGTATGACCGATGGCCAGAG,delACAATGGAGAGCCAGTGTCCCGGAG
320,del,0,,26,0.0,0.0007369503762776581,GTCTGGCTTCCCAACGCGGGGCAATGGAGAGCCAGTGTCCCGGAGTGGCCAGAG,delTCCTGGGCCTTTACAGTATGACCGAA
321,del,26,,26,0.0,0.0007369503762776581,GTCTGGCTTCCCAACGCGGGGTCCTGGGCCTTTACAGTATGACCGAAGCCAGAG,delCAATGGAGAGCCAGTGTCCCGGAGTG
322,del,1,,26,0.0,5.2639312591261295e-05,GTCTGGCTTCCCAACGCGGGGTAATGGAGAGCCAGTGTCCCGGAGTGGCCAGAG,delCCTGGGCCTTTACAGTATGACCGAAC
323,del,2,,26,0.0,5.2639312591261295e-05,GTCTGGCTTCCCAACGCGGGGTCATGGAGAGCCAGTGTCCCGGAGTGGCCAGAG,delCTGGGCCTTTACAGTATGACCGAACA
324,del,7,,26,0.0,5.2639312591261295e-05,GTCTGGCTTCCCAACGCGGGGTCCTGGGGAGCCAGTGTCCCGGAGTGGCCAGAG,delCCTTTACAGTATGACCGAACAATGGA
325,del,8,,26,0.0,5.2639312591261295e-05,GTCTGGCTTCCCAACGCGGGGTCCTGGGCAGCCAGTGTCCCGGAGTGGCCAGAG,delCTTTACAGTATGACCGAACAATGGAG
326,del,9,,26,0.0,5.2639312591261295e-05,GTCTGGCTTCCCAACGCGGGGTCCTGGGCCGCCAGTGTCCCGGAGTGGCCAGAG,delTTTACAGTATGACCGAACAATGGAGA
327,del,10,,26,0.0,5.2639312591261295e-05,GTCTGGCTTCCCAACGCGGGGTCCTGGGCCTCCAGTGTCCCGGAGTGGCCAGAG,delTTACAGTATGACCGAACAATGGAGAG
328,del,11,,26,0.0,5.2639312591261295e-05,GTCTGGCTTCCCAACGCGGGGTCCTGGGCCTTCAGTGTCCCGGAGTGGCCAGAG,delTACAGTATGACCGAACAATGGAGAGC
329,del,14,,26,0.0,5.2639312591261295e-05,GTCTGGCTTCCCAACGCGGGGTCCTGGGCCTTTACTGTCCCGGAGTGGCCAGAG,delAGTATGACCGAACAATGGAGAGCCAG
330,del,18,,26,0.0,5.2639312591261295e-05,GTCTGGCTTCCCAACGCGGGGTCCTGGGCCTTTACAGTACCGGAGTGGCCAGAG,delTGACCGAACAATGGAGAGCCAGTGTC
331,del,19,,26,0.0,5.2639312591261295e-05,GTCTGGCTTCCCAACGCGGGGTCCTGGGCCTTTACAGTATCGGAGTGGCCAGAG,delGACCGAACAATGGAGAGCCAGTGTCC
332,del,20,,26,0.0,5.2639312591261295e-05,GTCTGGCTTCCCAACGCGGGGTCCTGGGCCTTTACAGTATGGGAGTGGCCAGAG,delACCGAACAATGGAGAGCCAGTGTCCC
333,del,21,,26,0.0,5.2639312591261295e-05,GTCTGGCTTCCCAACGCGGGGTCCTGGGCCTTTACAGTATGAGAGTGGCCAGAG,delCCGAACAATGGAGAGCCAGTGTCCCG
334,del,22,,26,0.0,5.2639312591261295e-05,GTCTGGCTTCCCAACGCGGGGTCCTGGGCCTTTACAGTATGACAGTGGCCAGAG,delCGAACAATGGAGAGCCAGTGTCCCGG
335,del,25,,26,0.0,5.2639312591261295e-05,GTCTGGCTTCCCAACGCGGGGTCCTGGGCCTTTACAGTATGACCGAGGCCAGAG,delACAATGGAGAGCCAGTGTCCCGGAGT
336,del,0,,27,0.0,0.0005739300828515775,GTCTGGCTTCCCAACGCGGGCAATGGAGAGCCAGTGTCCCGGAGTGGCCAGAG,delGTCCTGGGCCTTTACAGTATGACCGAA
337,del,27,,27,0.0,0.0005739300828515775,GTCTGGCTTCCCAACGCGGGGTCCTGGGCCTTTACAGTATGACCGAACCAGAG,delCAATGGAGAGCCAGTGTCCCGGAGTGG
338,del,1,,27,0.0,2.8696504142578877e-05,GTCTGGCTTCCCAACGCGGGGAATGGAGAGCCAGTGTCCCGGAGTGGCCAGAG,delTCCTGGGCCTTTACAGTATGACCGAAC
339,del,2,,27,0.0,2.8696504142578877e-05,GTCTGGCTTCCCAACGCGGGGTATGGAGAGCCAGTGTCCCGGAGTGGCCAGAG,delCCTGGGCCTTTACAGTATGACCGAACA
340,del,3,,27,0.0,2.8696504142578877e-05,GTCTGGCTTCCCAACGCGGGGTCTGGAGAGCCAGTGTCCCGGAGTGGCCAGAG,delCTGGGCCTTTACAGTATGACCGAACAA
341,del,4,,27,0.0,2.8696504142578877e-05,GTCTGGCTTCCCAACGCGGGGTCCGGAGAGCCAGTGTCCCGGAGTGGCCAGAG,delTGGGCCTTTACAGTATGACCGAACAAT
342,del,9,,27,0.0,2.8696504142578877e-05,GTCTGGCTTCCCAACGCGGGGTCCTGGGCGCCAGTGTCCCGGAGTGGCCAGAG,delCTTTACAGTATGACCGAACAATGGAGA
343,del,10,,27,0.0,2.8696504142578877e-05,GTCTGGCTTCCCAACGCGGGGTCCTGGGCCCCAGTGTCCCGGAGTGGCCAGAG,delTTTACAGTATGACCGAACAATGGAGAG
344,del,11,,27,0.0,2.8696504142578877e-05,GTCTGGCTTCCCAACGCGGGGTCCTGGGCCTCAGTGTCCCGGAGTGGCCAGAG,delTTACAGTATGACCGAACAATGGAGAGC
345,del,12,,27,0.0,2.8696504142578877e-05,GTCTGGCTTCCCAACGCGGGGTCCTGGGCCTTAGTGTCCCGGAGTGGCCAGAG,delTACAGTATGACCGAACAATGGAGAGCC
346,del,13,,27,0.0,2.8696504142578877e-05,GTCTGGCTTCCCAACGCGGGGTCCTGGGCCTTTGTGTCCCGGAGTGGCCAGAG,delACAGTATGACCGAACAATGGAGAGCCA
347,del,14,,27,0.0,2.8696504142578877e-05,GTCTGGCTTCCCAACGCGGGGTCCTGGGCCTTTATGTCCCGGAGTGGCCAGAG,delCAGTATGACCGAACAATGGAGAGCCAG
348,del,15,,27,0.0,2.8696504142578877e-05,GTCTGGCTTCCCAACGCGGGGTCCTGGGCCTTTACGTCCCGGAGTGGCCAGAG,delAGTATGACCGAACAATGGAGAGCCAGT
349,del,16,,27,0.0,2.8696504142578877e-05,GTCTGGCTTCCCAACGCGGGGTCCTGGGCCTTTACATCCCGGAGTGGCCAGAG,delGTATGACCGAACAATGGAGAGCCAGTG
350,del,17,,27,0.0,2.8696504142578877e-05,GTCTGGCTTCCCAACGCGGGGTCCTGGGCCTTTACAGCCCGGAGTGGCCAGAG,delTATGACCGAACAATGGAGAGCCAGTGT
351,del,18,,27,0.0,2.8696504142578877e-05,GTCTGGCTTCCCAACGCGGGGTCCTGGGCCTTTACAGTCCGGAGTGGCCAGAG,delATGACCGAACAATGGAGAGCCAGTGTC
352,del,19,,27,0.0,2.8696504142578877e-05,GTCTGGCTTCCCAACGCGGGGTCCTGGGCCTTTACAGTACGGAGTGGCCAGAG,delTGACCGAACAATGGAGAGCCAGTGTCC
353,del,22,,27,0.0,2.8696504142578877e-05,GTCTGGCTTCCCAACGCGGGGTCCTGGGCCTTTACAGTATGAAGTGGCCAGAG,delCCGAACAATGGAGAGCCAGTGTCCCGG
354,del,23,,27,0.0,2.8696504142578877e-05,GTCTGGCTTCCCAACGCGGGGTCCTGGGCCTTTACAGTATGACGTGGCCAGAG,delCGAACAATGGAGAGCCAGTGTCCCGGA
355,del,24,,27,0.0,2.8696504142578877e-05,GTCTGGCTTCCCAACGCGGGGTCCTGGGCCTTTACAGTATGACCTGGCCAGAG,delGAACAATGGAGAGCCAGTGTCCCGGAG
356,del,25,,27,0.0,2.8696504142578877e-05,GTCTGGCTTCCCAACGCGGGGTCCTGGGCCTTTACAGTATGACCGGGCCAGAG,delAACAATGGAGAGCCAGTGTCCCGGAGT
357,del,26,,27,0.0,2.8696504142578877e-05,GTCTGGCTTCCCAACGCGGGGTCCTGGGCCTTTACAGTATGACCGAGCCAGAG,delACAATGGAGAGCCAGTGTCCCGGAGTG
358,del,0,,28,0.0,0.00044697328932426244,GTCTGGCTTCCCAACGCGGCAATGGAGAGCCAGTGTCCCGGAGTGGCCAGAG,delGGTCCTGGGCCTTTACAGTATGACCGAA
359,del,28,,28,0.0,0.00044697328932426244,GTCTGGCTTCCCAACGCGGGGTCCTGGGCCTTTACAGTATGACCGAACAGAG,delCAATGGAGAGCCAGTGTCCCGGAGTGGC
360,del,1,,28,0.0,2.483184940690347e-05,GTCTGGCTTCCCAACGCGGGAATGGAGAGCCAGTGTCCCGGAGTGGCCAGAG,delGTCCTGGGCCTTTACAGTATGACCGAAC
361,del,2,,28,0.0,2.483184940690347e-05,GTCTGGCTTCCCAACGCGGGGATGGAGAGCCAGTGTCCCGGAGTGGCCAGAG,delTCCTGGGCCTTTACAGTATGACCGAACA
362,del,3,,28,0.0,2.483184940690347e-05,GTCTGGCTTCCCAACGCGGGGTTGGAGAGCCAGTGTCCCGGAGTGGCCAGAG,delCCTGGGCCTTTACAGTATGACCGAACAA
363,del,4,,28,0.0,2.483184940690347e-05,GTCTGGCTTCCCAACGCGGGGTCGGAGAGCCAGTGTCCCGGAGTGGCCAGAG,delCTGGGCCTTTACAGTATGACCGAACAAT
364,del,5,,28,0.0,2.483184940690347e-05,GTCTGGCTTCCCAACGCGGGGTCCGAGAGCCAGTGTCCCGGAGTGGCCAGAG,delTGGGCCTTTACAGTATGACCGAACAATG
365,del,6,,28,0.0,2.483184940690347e-05,GTCTGGCTTCCCAACGCGGGGTCCTAGAGCCAGTGTCCCGGAGTGGCCAGAG,delGGGCCTTTACAGTATGACCGAACAATGG
366,del,9,,28,0.0,2.483184940690347e-05,GTCTGGCTTCCCAACGCGGGGTCCTGGGGCCAGTGTCCCGGAGTGGCCAGAG,delCCTTTACAGTATGACCGAACAATGGAGA
367,del,12,,28,0.0,2.483184940690347e-05,GTCTGGCTTCCCAACGCGGGGTCCTGGGCCTAGTGTCCCGGAGTGGCCAGAG,delTTACAGTATGACCGAACAATGGAGAGCC
368,del,13,,28,0.0,2.483184940690347e-05,GTCTGGCTTCCCAACGCGGGGTCCTGGGCCTTGTGTCCCGGAGTGGCCAGAG,delTACAGTATGACCGAACAATGGAGAGCCA
369,del,14,,28,0.0,2.483184940690347e-05,GTCTGGCTTCCCAACGCGGGGTCCTGGGCCTTTTGTCCCGGAGTGGCCAGAG,delACAGTATGACCGAACAATGGAGAGCCAG
370,del,15,,28,0.0,2.483184940690347e-05,GTCTGGCTTCCCAACGCGGGGTCCTGGGCCTTTAGTCCCGGAGTGGCCAGAG,delCAGTATGACCGAACAATGGAGAGCCAGT
371,del,16,,28,0.0,2.483184940690347e-05,GTCTGGCTTCCCAACGCGGGGTCCTGGGCCTTTACTCCCGGAGTGGCCAGAG,delAGTATGACCGAACAATGGAGAGCCAGTG
372,del,17,,28,0.0,2.483184940690347e-05,GTCTGGCTTCCCAACGCGGGGTCCTGGGCCTTTACACCCGGAGTGGCCAGAG,delGTATGACCGAACAATGGAGAGCCAGTGT
373,del,18,,28,0.0,2.483184940690347e-05,GTCTGGCTTCCCAACGCGGGGTCCTGGGCCTTTACAGCCGGAGTGGCCAGAG,delTATGACCGAACAATGGAGAGCCAGTGTC
374,del,19,,28,0.0,2.483184940690347e-05,GTCTGGCTTCCCAACGCGGGGTCCTGGGCCTTTACAGTCGGAGTGGCCAGAG,delATGACCGAACAATGGAGAGCCAGTGTCC
375,del,20,,28,0.0,2.483184940690347e-05,GTCTGGCTTCCCAACGCGGGGTCCTGGGCCTTTACAGTAGGAGTGGCCAGAG,delTGACCGAACAATGGAGAGCCAGTGTCCC
376,del,24,,28,0.0,2.483184940690347e-05,GTCTGGCTTCCCAACGCGGGGTCCTGGGCCTTTACAGTATGACTGGCCAGAG,delCGAACAATGGAGAGCCAGTGTCCCGGAG
377,del,27,,28,0.0,2.483184940690347e-05,GTCTGGCTTCCCAACGCGGGGTCCTGGGCCTTTACAGTATGACCGACCAGAG,delACAATGGAGAGCCAGTGTCCCGGAGTGG
378,del,0,,29,0.0,0.0003481010944406954,GTCTGGCTTCCCAACGCGCAATGGAGAGCCAGTGTCCCGGAGTGGCCAGAG,delGGGTCCTGGGCCTTTACAGTATGACCGAA
379,del,29,,29,0.0,0.0003481010944406954,GTCTGGCTTCCCAACGCGGGGTCCTGGGCCTTTACAGTATGACCGAAAGAG,delCAATGGAGAGCCAGTGTCCCGGAGTGGCC
380,del,1,,29,0.0,2.1756318402543463e-05,GTCTGGCTTCCCAACGCGGAATGGAGAGCCAGTGTCCCGGAGTGGCCAGAG,delGGTCCTGGGCCTTTACAGTATGACCGAAC
381,del,2,,29,0.0,2.1756318402543463e-05,GTCTGGCTTCCCAACGCGGGATGGAGAGCCAGTGTCCCGGAGTGGCCAGAG,delGTCCTGGGCCTTTACAGTATGACCGAACA
382,del,5,,29,0.0,2.1756318402543463e-05,GTCTGGCTTCCCAACGCGGGGTCGAGAGCCAGTGTCCCGGAGTGGCCAGAG,delCTGGGCCTTTACAGTATGACCGAACAATG
383,del,6,,29,0.0,2.1756318402543463e-05,GTCTGGCTTCCCAACGCGGGGTCCAGAGCCAGTGTCCCGGAGTGGCCAGAG,delTGGGCCTTTACAGTATGACCGAACAATGG
384,del,13,,29,0.0,2.1756318402543463e-05,GTCTGGCTTCCCAACGCGGGGTCCTGGGCCTGTGTCCCGGAGTGGCCAGAG,delTTACAGTATGACCGAACAATGGAGAGCCA
385,del,16,,29,0.0,2.1756318402543463e-05,GTCTGGCTTCCCAACGCGGGGTCCTGGGCCTTTATCCCGGAGTGGCCAGAG,delCAGTATGACCGAACAATGGAGAGCCAGTG
386,del,17,,29,0.0,2.1756318402543463e-05,GTCTGGCTTCCCAACGCGGGGTCCTGGGCCTTTACCCCGGAGTGGCCAGAG,delAGTATGACCGAACAATGGAGAGCCAGTGT
387,del,18,,29,0.0,2.1756318402543463e-05,GTCTGGCTTCCCAACGCGGGGTCCTGGGCCTTTACACCGGAGTGGCCAGAG,delGTATGACCGAACAATGGAGAGCCAGTGTC
388,del,19,,29,0.0,2.1756318402543463e-05,GTCTGGCTTCCCAACGCGGGGTCCTGGGCCTTTACAGCGGAGTGGCCAGAG,delTATGACCGAACAATGGAGAGCCAGTGTCC
389,del,20,,29,0.0,2.1756318402543463e-05,GTCTGGCTTCCCAACGCGGGGTCCTGGGCCTTTACAGTGGAGTGGCCAGAG,delATGACCGAACAATGGAGAGCCAGTGTCCC
390,del,21,,29,0.0,2.1756318402543463e-05,GTCTGGCTTCCCAACGCGGGGTCCTGGGCCTTTACAGTAGAGTGGCCAGAG,delTGACCGAACAATGGAGAGCCAGTGTCCCG
391,del,22,,29,0.0,2.1756318402543463e-05,GTCTGGCTTCCCAACGCGGGGTCCTGGGCCTTTACAGTATAGTGGCCAGAG,delGACCGAACAATGGAGAGCCAGTGTCCCGG
392,del,23,,29,0.0,2.1756318402543463e-05,GTCTGGCTTCCCAACGCGGGGTCCTGGGCCTTTACAGTATGGTGGCCAGAG,delACCGAACAATGGAGAGCCAGTGTCCCGGA
393,del,24,,29,0.0,2.1756318402543463e-05,GTCTGGCTTCCCAACGCGGGGTCCTGGGCCTTTACAGTATGATGGCCAGAG,delCCGAACAATGGAGAGCCAGTGTCCCGGAG
394,del,25,,29,0.0,2.1756318402543463e-05,GTCTGGCTTCCCAACGCGGGGTCCTGGGCCTTTACAGTATGACGGCCAGAG,delCGAACAATGGAGAGCCAGTGTCCCGGAGT
395,del,28,,29,0.0,2.1756318402543463e-05,GTCTGGCTTCCCAACGCGGGGTCCTGGGCCTTTACAGTATGACCGACAGAG,delACAATGGAGAGCCAGTGTCCCGGAGTGGC
396,del,0,,30,0.0,0.00040665048815621005,GTCTGGCTTCCCAACGCCAATGGAGAGCCAGTGTCCCGGAGTGGCCAGAG,delGGGGTCCTGGGCCTTTACAGTATGACCGAA
397,del,1,,30,0.0,2.2591693786456116e-05,GTCTGGCTTCCCAACGCGAATGGAGAGCCAGTGTCCCGGAGTGGCCAGAG,delGGGTCCTGGGCCTTTACAGTATGACCGAAC
398,del,2,,30,0.0,2.2591693786456116e-05,GTCTGGCTTCCCAACGCGGATGGAGAGCCAGTGTCCCGGAGTGGCCAGAG,delGGTCCTGGGCCTTTACAGTATGACCGAACA
399,del,3,,30,0.0,2.2591693786456116e-05,GTCTGGCTTCCCAACGCGGGTGGAGAGCCAGTGTCCCGGAGTGGCCAGAG,delGTCCTGGGCCTTTACAGTATGACCGAACAA
400,del,4,,30,0.0,2.2591693786456116e-05,GTCTGGCTTCCCAACGCGGGGGGAGAGCCAGTGTCCCGGAGTGGCCAGAG,delTCCTGGGCCTTTACAGTATGACCGAACAAT
401,del,5,,30,0.0,2.2591693786456116e-05,GTCTGGCTTCCCAACGCGGGGTGAGAGCCAGTGTCCCGGAGTGGCCAGAG,delCCTGGGCCTTTACAGTATGACCGAACAATG
402,del,6,,30,0.0,2.2591693786456116e-05,GTCTGGCTTCCCAACGCGGGGTCAGAGCCAGTGTCCCGGAGTGGCCAGAG,delCTGGGCCTTTACAGTATGACCGAACAATGG
403,del,7,,30,0.0,2.2591693786456116e-05,GTCTGGCTTCCCAACGCGGGGTCCGAGCCAGTGTCCCGGAGTGGCCAGAG,delTGGGCCTTTACAGTATGACCGAACAATGGA
404,del,8,,30,0.0,2.2591693786456116e-05,GTCTGGCTTCCCAACGCGGGGTCCTAGCCAGTGTCCCGGAGTGGCCAGAG,delGGGCCTTTACAGTATGACCGAACAATGGAG
405,del,13,,30,0.0,2.2591693786456116e-05,GTCTGGCTTCCCAACGCGGGGTCCTGGGCCGTGTCCCGGAGTGGCCAGAG,delTTTACAGTATGACCGAACAATGGAGAGCCA
406,del,16,,30,0.0,2.2591693786456116e-05,GTCTGGCTTCCCAACGCGGGGTCCTGGGCCTTTTCCCGGAGTGGCCAGAG,delACAGTATGACCGAACAATGGAGAGCCAGTG
407,del,19,,30,0.0,2.2591693786456116e-05,GTCTGGCTTCCCAACGCGGGGTCCTGGGCCTTTACACGGAGTGGCCAGAG,delGTATGACCGAACAATGGAGAGCCAGTGTCC
408,del,20,,30,0.0,2.2591693786456116e-05,GTCTGGCTTCCCAACGCGGGGTCCTGGGCCTTTACAGGGAGTGGCCAGAG,delTATGACCGAACAATGGAGAGCCAGTGTCCC
409,del,21,,30,0.0,2.2591693786456116e-05,GTCTGGCTTCCCAACGCGGGGTCCTGGGCCTTTACAGTGAGTGGCCAGAG,delATGACCGAACAATGGAGAGCCAGTGTCCCG
410,del,22,,30,0.0,2.2591693786456116e-05,GTCTGGCTTCCCAACGCGGGGTCCTGGGCCTTTACAGTAAGTGGCCAGAG,delTGACCGAACAATGGAGAGCCAGTGTCCCGG
411,del,25,,30,0.0,2.2591693786456116e-05,GTCTGGCTTCCCAACGCGGGGTCCTGGGCCTTTACAGTATGAGGCCAGAG,delCCGAACAATGGAGAGCCAGTGTCCCGGAGT
412,del,26,,30,0.0,2.2591693786456116e-05,GTCTGGCTTCCCAACGCGGGGTCCTGGGCCTTTACAGTATGACGCCAGAG,delCGAACAATGGAGAGCCAGTGTCCCGGAGTG
413,del,27,,30,0.0,2.2591693786456116e-05,GTCTGGCTTCCCAACGCGGGGTCCTGGGCCTTTACAGTATGACCCCAGAG,delGAACAATGGAGAGCCAGTGTCCCGGAGTGG
414,del,28,,30,0.0,2.2591693786456116e-05,GTCTGGCTTCCCAACGCGGGGTCCTGGGCCTTTACAGTATGACCGCAGAG,delAACAATGGAGAGCCAGTGTCCCGGAGTGGC
415,del,31,,31,0.0,0.00031669886671295154,GTCTGGCTTCCCAACGCGGGGTCCTGGGCCTTTACAGTATGACCGAAAG,delCAATGGAGAGCCAGTGTCCCGGAGTGGCCAG
416,del,2,,31,0.0,2.8790806064813777e-05,GTCTGGCTTCCCAACGCGATGGAGAGCCAGTGTCCCGGAGTGGCCAGAG,delGGGTCCTGGGCCTTTACAGTATGACCGAACA
417,del,3,,31,0.0,2.8790806064813777e-05,GTCTGGCTTCCCAACGCGGTGGAGAGCCAGTGTCCCGGAGTGGCCAGAG,delGGTCCTGGGCCTTTACAGTATGACCGAACAA
418,del,6,,31,0.0,2.8790806064813777e-05,GTCTGGCTTCCCAACGCGGGGTAGAGCCAGTGTCCCGGAGTGGCCAGAG,delCCTGGGCCTTTACAGTATGACCGAACAATGG
419,del,7,,31,0.0,2.8790806064813777e-05,GTCTGGCTTCCCAACGCGGGGTCGAGCCAGTGTCCCGGAGTGGCCAGAG,delCTGGGCCTTTACAGTATGACCGAACAATGGA
420,del,8,,31,0.0,2.8790806064813777e-05,GTCTGGCTTCCCAACGCGGGGTCCAGCCAGTGTCCCGGAGTGGCCAGAG,delTGGGCCTTTACAGTATGACCGAACAATGGAG
421,del,11,,31,0.0,2.8790806064813777e-05,GTCTGGCTTCCCAACGCGGGGTCCTGGCAGTGTCCCGGAGTGGCCAGAG,delGCCTTTACAGTATGACCGAACAATGGAGAGC
422,del,12,,31,0.0,2.8790806064813777e-05,GTCTGGCTTCCCAACGCGGGGTCCTGGGAGTGTCCCGGAGTGGCCAGAG,delCCTTTACAGTATGACCGAACAATGGAGAGCC
423,del,13,,31,0.0,2.8790806064813777e-05,GTCTGGCTTCCCAACGCGGGGTCCTGGGCGTGTCCCGGAGTGGCCAGAG,delCTTTACAGTATGACCGAACAATGGAGAGCCA
424,del,24,,31,0.0,2.8790806064813777e-05,GTCTGGCTTCCCAACGCGGGGTCCTGGGCCTTTACAGTATTGGCCAGAG,delGACCGAACAATGGAGAGCCAGTGTCCCGGAG
425,del,25,,31,0.0,2.8790806064813777e-05,GTCTGGCTTCCCAACGCGGGGTCCTGGGCCTTTACAGTATGGGCCAGAG,delACCGAACAATGGAGAGCCAGTGTCCCGGAGT
426,del,26,,31,0.0,2.8790806064813777e-05,GTCTGGCTTCCCAACGCGGGGTCCTGGGCCTTTACAGTATGAGCCAGAG,delCCGAACAATGGAGAGCCAGTGTCCCGGAGTG
427,del,0,,32,0.0,0.00024664487692250723,GTCTGGCTTCCCAACCAATGGAGAGCCAGTGTCCCGGAGTGGCCAGAG,delGCGGGGTCCTGGGCCTTTACAGTATGACCGAA
428,del,1,,32,0.0,1.6442991794833814e-05,GTCTGGCTTCCCAACGAATGGAGAGCCAGTGTCCCGGAGTGGCCAGAG,delCGGGGTCCTGGGCCTTTACAGTATGACCGAAC
429,del,2,,32,0.0,1.6442991794833814e-05,GTCTGGCTTCCCAACGCATGGAGAGCCAGTGTCCCGGAGTGGCCAGAG,delGGGGTCCTGGGCCTTTACAGTATGACCGAACA
430,del,3,,32,0.0,1.6442991794833814e-05,GTCTGGCTTCCCAACGCGTGGAGAGCCAGTGTCCCGGAGTGGCCAGAG,delGGGTCCTGGGCCTTTACAGTATGACCGAACAA
431,del,7,,32,0.0,1.6442991794833814e-05,GTCTGGCTTCCCAACGCGGGGTGAGCCAGTGTCCCGGAGTGGCCAGAG,delCCTGGGCCTTTACAGTATGACCGAACAATGGA
432,del,8,,32,0.0,1.6442991794833814e-05,GTCTGGCTTCCCAACGCGGGGTCAGCCAGTGTCCCGGAGTGGCCAGAG,delCTGGGCCTTTACAGTATGACCGAACAATGGAG
433,del,9,,32,0.0,1.6442991794833814e-05,GTCTGGCTTCCCAACGCGGGGTCCGCCAGTGTCCCGGAGTGGCCAGAG,delTGGGCCTTTACAGTATGACCGAACAATGGAGA
434,del,10,,32,0.0,1.6442991794833814e-05,GTCTGGCTTCCCAACGCGGGGTCCTCCAGTGTCCCGGAGTGGCCAGAG,delGGGCCTTTACAGTATGACCGAACAATGGAGAG
435,del,11,,32,0.0,1.6442991794833814e-05,GTCTGGCTTCCCAACGCGGGGTCCTGCAGTGTCCCGGAGTGGCCAGAG,delGGCCTTTACAGTATGACCGAACAATGGAGAGC
436,del,12,,32,0.0,1.6442991794833814e-05,GTCTGGCTTCCCAACGCGGGGTCCTGGAGTGTCCCGGAGTGGCCAGAG,delGCCTTTACAGTATGACCGAACAATGGAGAGCC
437,del,13,,32,0.0,1.6442991794833814e-05,GTCTGGCTTCCCAACGCGGGGTCCTGGGGTGTCCCGGAGTGGCCAGAG,delCCTTTACAGTATGACCGAACAATGGAGAGCCA
438,del,14,,32,0.0,1.6442991794833814e-05,GTCTGGCTTCCCAACGCGGGGTCCTGGGCTGTCCCGGAGTGGCCAGAG,delCTTTACAGTATGACCGAACAATGGAGAGCCAG
439,del,15,,32,0.0,1.6442991794833814e-05,GTCTGGCTTCCCAACGCGGGGTCCTGGGCCGTCCCGGAGTGGCCAGAG,delTTTACAGTATGACCGAACAATGGAGAGCCAGT
440,del,18,,32,0.0,1.6442991794833814e-05,GTCTGGCTTCCCAACGCGGGGTCCTGGGCCTTTCCGGAGTGGCCAGAG,delACAGTATGACCGAACAATGGAGAGCCAGTGTC
441,del,23,,32,0.0,1.6442991794833814e-05,GTCTGGCTTCCCAACGCGGGGTCCTGGGCCTTTACAGTGTGGCCAGAG,delATGACCGAACAATGGAGAGCCAGTGTCCCGGA
442,del,30,,32,0.0,1.6442991794833814e-05,GTCTGGCTTCCCAACGCGGGGTCCTGGGCCTTTACAGTATGACCGGAG,delAACAATGGAGAGCCAGTGTCCCGGAGTGGCCA
443,del,33,,33,0.0,0.000192086987060467,GTCTGGCTTCCCAACGCGGGGTCCTGGGCCTTTACAGTATGACCGAA,delCAATGGAGAGCCAGTGTCCCGGAGTGGCCAGAG
444,del,2,,33,0.0,1.1299234532968648e-05,GTCTGGCTTCCCAACGATGGAGAGCCAGTGTCCCGGAGTGGCCAGAG,delCGGGGTCCTGGGCCTTTACAGTATGACCGAACA
445,del,3,,33,0.0,1.1299234532968648e-05,GTCTGGCTTCCCAACGCTGGAGAGCCAGTGTCCCGGAGTGGCCAGAG,delGGGGTCCTGGGCCTTTACAGTATGACCGAACAA
446,del,7,,33,0.0,1.1299234532968648e-05,GTCTGGCTTCCCAACGCGGGGGAGCCAGTGTCCCGGAGTGGCCAGAG,delTCCTGGGCCTTTACAGTATGACCGAACAATGGA
447,del,8,,33,0.0,1.1299234532968648e-05,GTCTGGCTTCCCAACGCGGGGTAGCCAGTGTCCCGGAGTGGCCAGAG,delCCTGGGCCTTTACAGTATGACCGAACAATGGAG
448,del,9,,33,0.0,1.1299234532968648e-05,GTCTGGCTTCCCAACGCGGGGTCGCCAGTGTCCCGGAGTGGCCAGAG,delCTGGGCCTTTACAGTATGACCGAACAATGGAGA
449,del,10,,33,0.0,1.1299234532968648e-05,GTCTGGCTTCCCAACGCGGGGTCCCCAGTGTCCCGGAGTGGCCAGAG,delTGGGCCTTTACAGTATGACCGAACAATGGAGAG
450,del,11,,33,0.0,1.1299234532968648e-05,GTCTGGCTTCCCAACGCGGGGTCCTCAGTGTCCCGGAGTGGCCAGAG,delGGGCCTTTACAGTATGACCGAACAATGGAGAGC
451,del,12,,33,0.0,1.1299234532968648e-05,GTCTGGCTTCCCAACGCGGGGTCCTGAGTGTCCCGGAGTGGCCAGAG,delGGCCTTTACAGTATGACCGAACAATGGAGAGCC
452,del,15,,33,0.0,1.1299234532968648e-05,GTCTGGCTTCCCAACGCGGGGTCCTGGGCGTCCCGGAGTGGCCAGAG,delCTTTACAGTATGACCGAACAATGGAGAGCCAGT
453,del,18,,33,0.0,1.1299234532968648e-05,GTCTGGCTTCCCAACGCGGGGTCCTGGGCCTTCCGGAGTGGCCAGAG,delTACAGTATGACCGAACAATGGAGAGCCAGTGTC
454,del,19,,33,0.0,1.1299234532968648e-05,GTCTGGCTTCCCAACGCGGGGTCCTGGGCCTTTCGGAGTGGCCAGAG,delACAGTATGACCGAACAATGGAGAGCCAGTGTCC
455,del,20,,33,0.0,1.1299234532968648e-05,GTCTGGCTTCCCAACGCGGGGTCCTGGGCCTTTAGGAGTGGCCAGAG,delCAGTATGACCGAACAATGGAGAGCCAGTGTCCC
456,del,21,,33,0.0,1.1299234532968648e-05,GTCTGGCTTCCCAACGCGGGGTCCTGGGCCTTTACGAGTGGCCAGAG,delAGTATGACCGAACAATGGAGAGCCAGTGTCCCG
457,del,22,,33,0.0,1.1299234532968648e-05,GTCTGGCTTCCCAACGCGGGGTCCTGGGCCTTTACAAGTGGCCAGAG,delGTATGACCGAACAATGGAGAGCCAGTGTCCCGG
458,del,23,,33,0.0,1.1299234532968648e-05,GTCTGGCTTCCCAACGCGGGGTCCTGGGCCTTTACAGGTGGCCAGAG,delTATGACCGAACAATGGAGAGCCAGTGTCCCGGA
459,del,24,,33,0.0,1.1299234532968648e-05,GTCTGGCTTCCCAACGCGGGGTCCTGGGCCTTTACAGTTGGCCAGAG,delATGACCGAACAATGGAGAGCCAGTGTCCCGGAG
460,del,25,,33,0.0,1.1299234532968648e-05,GTCTGGCTTCCCAACGCGGGGTCCTGGGCCTTTACAGTAGGCCAGAG,delTGACCGAACAATGGAGAGCCAGTGTCCCGGAGT
461,del,0,,34,0.0,0.0001495973714442329,GTCTGGCTTCCCACAATGGAGAGCCAGTGTCCCGGAGTGGCCAGAG,delACGCGGGGTCCTGGGCCTTTACAGTATGACCGAA
462,del,1,,34,0.0,7.479868572211646e-06,GTCTGGCTTCCCAAAATGGAGAGCCAGTGTCCCGGAGTGGCCAGAG,delCGCGGGGTCCTGGGCCTTTACAGTATGACCGAAC
463,del,2,,34,0.0,7.479868572211646e-06,GTCTGGCTTCCCAACATGGAGAGCCAGTGTCCCGGAGTGGCCAGAG,delGCGGGGTCCTGGGCCTTTACAGTATGACCGAACA
464,del,3,,34,0.0,7.479868572211646e-06,GTCTGGCTTCCCAACGTGGAGAGCCAGTGTCCCGGAGTGGCCAGAG,delCGGGGTCCTGGGCCTTTACAGTATGACCGAACAA
465,del,9,,34,0.0,7.479868572211646e-06,GTCTGGCTTCCCAACGCGGGGTGCCAGTGTCCCGGAGTGGCCAGAG,delCCTGGGCCTTTACAGTATGACCGAACAATGGAGA
466,del,12,,34,0.0,7.479868572211646e-06,GTCTGGCTTCCCAACGCGGGGTCCTAGTGTCCCGGAGTGGCCAGAG,delGGGCCTTTACAGTATGACCGAACAATGGAGAGCC
467,del,15,,34,0.0,7.479868572211646e-06,GTCTGGCTTCCCAACGCGGGGTCCTGGGGTCCCGGAGTGGCCAGAG,delCCTTTACAGTATGACCGAACAATGGAGAGCCAGT
468,del,16,,34,0.0,7.479868572211646e-06,GTCTGGCTTCCCAACGCGGGGTCCTGGGCTCCCGGAGTGGCCAGAG,delCTTTACAGTATGACCGAACAATGGAGAGCCAGTG
469,del,17,,34,0.0,7.479868572211646e-06,GTCTGGCTTCCCAACGCGGGGTCCTGGGCCCCCGGAGTGGCCAGAG,delTTTACAGTATGACCGAACAATGGAGAGCCAGTGT
470,del,18,,34,0.0,7.479868572211646e-06,GTCTGGCTTCCCAACGCGGGGTCCTGGGCCTCCGGAGTGGCCAGAG,delTTACAGTATGACCGAACAATGGAGAGCCAGTGTC
471,del,19,,34,0.0,7.479868572211646e-06,GTCTGGCTTCCCAACGCGGGGTCCTGGGCCTTCGGAGTGGCCAGAG,delTACAGTATGACCGAACAATGGAGAGCCAGTGTCC
472,del,20,,34,0.0,7.479868572211646e-06,GTCTGGCTTCCCAACGCGGGGTCCTGGGCCTTTGGAGTGGCCAGAG,delACAGTATGACCGAACAATGGAGAGCCAGTGTCCC
473,del,21,,34,0.0,7.479868572211646e-06,GTCTGGCTTCCCAACGCGGGGTCCTGGGCCTTTAGAGTGGCCAGAG,delCAGTATGACCGAACAATGGAGAGCCAGTGTCCCG
474,del,26,,34,0.0,7.479868572211646e-06,GTCTGGCTTCCCAACGCGGGGTCCTGGGCCTTTACAGTAGCCAGAG,delTGACCGAACAATGGAGAGCCAGTGTCCCGGAGTG
475,del,27,,34,0.0,7.479868572211646e-06,GTCTGGCTTCCCAACGCGGGGTCCTGGGCCTTTACAGTATCCAGAG,delGACCGAACAATGGAGAGCCAGTGTCCCGGAGTGG
476,del,28,,34,0.0,7.479868572211646e-06,GTCTGGCTTCCCAACGCGGGGTCCTGGGCCTTTACAGTATGCAGAG,delACCGAACAATGGAGAGCCAGTGTCCCGGAGTGGC
477,del,29,,34,0.0,7.479868572211646e-06,GTCTGGCTTCCCAACGCGGGGTCCTGGGCCTTTACAGTATGAAGAG,delCCGAACAATGGAGAGCCAGTGTCCCGGAGTGGCC
478,del,30,,34,0.0,7.479868572211646e-06,GTCTGGCTTCCCAACGCGGGGTCCTGGGCCTTTACAGTATGACGAG,delCGAACAATGGAGAGCCAGTGTCCCGGAGTGGCCA
479,del,31,,34,0.0,7.479868572211646e-06,GTCTGGCTTCCCAACGCGGGGTCCTGGGCCTTTACAGTATGACCAG,delGAACAATGGAGAGCCAGTGTCCCGGAGTGGCCAG
480,del,32,,34,0.0,7.479868572211646e-06,GTCTGGCTTCCCAACGCGGGGTCCTGGGCCTTTACAGTATGACCGG,delAACAATGGAGAGCCAGTGTCCCGGAGTGGCCAGA
481,del,33,,34,0.0,7.479868572211646e-06,GTCTGGCTTCCCAACGCGGGGTCCTGGGCCTTTACAGTATGACCGA,delACAATGGAGAGCCAGTGTCCCGGAGTGGCCAGAG
482,del,0,,35,0.0,0.00011650648438163198,GTCTGGCTTCCCCAATGGAGAGCCAGTGTCCCGGAGTGGCCAGAG,delAACGCGGGGTCCTGGGCCTTTACAGTATGACCGAA
483,del,3,,35,0.0,8.321891741545142e-06,GTCTGGCTTCCCAACTGGAGAGCCAGTGTCCCGGAGTGGCCAGAG,delGCGGGGTCCTGGGCCTTTACAGTATGACCGAACAA
484,del,4,,35,0.0,8.321891741545142e-06,GTCTGGCTTCCCAACGGGAGAGCCAGTGTCCCGGAGTGGCCAGAG,delCGGGGTCCTGGGCCTTTACAGTATGACCGAACAAT
485,del,9,,35,0.0,8.321891741545142e-06,GTCTGGCTTCCCAACGCGGGGGCCAGTGTCCCGGAGTGGCCAGAG,delTCCTGGGCCTTTACAGTATGACCGAACAATGGAGA
486,del,19,,35,0.0,8.321891741545142e-06,GTCTGGCTTCCCAACGCGGGGTCCTGGGCCTCGGAGTGGCCAGAG,delTTACAGTATGACCGAACAATGGAGAGCCAGTGTCC
487,del,20,,35,0.0,8.321891741545142e-06,GTCTGGCTTCCCAACGCGGGGTCCTGGGCCTTGGAGTGGCCAGAG,delTACAGTATGACCGAACAATGGAGAGCCAGTGTCCC
488,del,21,,35,0.0,8.321891741545142e-06,GTCTGGCTTCCCAACGCGGGGTCCTGGGCCTTTGAGTGGCCAGAG,delACAGTATGACCGAACAATGGAGAGCCAGTGTCCCG
489,del,22,,35,0.0,8.321891741545142e-06,GTCTGGCTTCCCAACGCGGGGTCCTGGGCCTTTAAGTGGCCAGAG,delCAGTATGACCGAACAATGGAGAGCCAGTGTCCCGG
490,del,23,,35,0.0,8.321891741545142e-06,GTCTGGCTTCCCAACGCGGGGTCCTGGGCCTTTACGTGGCCAGAG,delAGTATGACCGAACAATGGAGAGCCAGTGTCCCGGA
491,del,24,,35,0.0,8.321891741545142e-06,GTCTGGCTTCCCAACGCGGGGTCCTGGGCCTTTACATGGCCAGAG,delGTATGACCGAACAATGGAGAGCCAGTGTCCCGGAG
492,del,25,,35,0.0,8.321891741545142e-06,GTCTGGCTTCCCAACGCGGGGTCCTGGGCCTTTACAGGGCCAGAG,delTATGACCGAACAATGGAGAGCCAGTGTCCCGGAGT
493,del,26,,35,0.0,8.321891741545142e-06,GTCTGGCTTCCCAACGCGGGGTCCTGGGCCTTTACAGTGCCAGAG,delATGACCGAACAATGGAGAGCCAGTGTCCCGGAGTG
494,del,27,,35,0.0,8.321891741545142e-06,GTCTGGCTTCCCAACGCGGGGTCCTGGGCCTTTACAGTACCAGAG,delTGACCGAACAATGGAGAGCCAGTGTCCCGGAGTGG
495,del,28,,35,0.0,8.321891741545142e-06,GTCTGGCTTCCCAACGCGGGGTCCTGGGCCTTTACAGTATCAGAG,delGACCGAACAATGGAGAGCCAGTGTCCCGGAGTGGC
496,del,31,,35,0.0,8.321891741545142e-06,GTCTGGCTTCCCAACGCGGGGTCCTGGGCCTTTACAGTATGACAG,delCGAACAATGGAGAGCCAGTGTCCCGGAGTGGCCAG
497,del,6,,36,0.0,1.3959277944601689e-05,GTCTGGCTTCCCAACGCAGAGCCAGTGTCCCGGAGTGGCCAGAG,delGGGGTCCTGGGCCTTTACAGTATGACCGAACAATGG
498,del,13,,36,0.0,1.3959277944601689e-05,GTCTGGCTTCCCAACGCGGGGTCCGTGTCCCGGAGTGGCCAGAG,delTGGGCCTTTACAGTATGACCGAACAATGGAGAGCCA
499,del,14,,36,0.0,1.3959277944601689e-05,GTCTGGCTTCCCAACGCGGGGTCCTTGTCCCGGAGTGGCCAGAG,delGGGCCTTTACAGTATGACCGAACAATGGAGAGCCAG
500,del,20,,36,0.0,1.3959277944601689e-05,GTCTGGCTTCCCAACGCGGGGTCCTGGGCCTGGAGTGGCCAGAG,delTTACAGTATGACCGAACAATGGAGAGCCAGTGTCCC
501,del,21,,36,0.0,1.3959277944601689e-05,GTCTGGCTTCCCAACGCGGGGTCCTGGGCCTTGAGTGGCCAGAG,delTACAGTATGACCGAACAATGGAGAGCCAGTGTCCCG
502,del,24,,36,0.0,1.3959277944601689e-05,GTCTGGCTTCCCAACGCGGGGTCCTGGGCCTTTACTGGCCAGAG,delAGTATGACCGAACAATGGAGAGCCAGTGTCCCGGAG
503,del,27,,36,0.0,1.3959277944601689e-05,GTCTGGCTTCCCAACGCGGGGTCCTGGGCCTTTACAGTCCAGAG,delATGACCGAACAATGGAGAGCCAGTGTCCCGGAGTGG
504,del,28,,36,0.0,1.3959277944601689e-05,GTCTGGCTTCCCAACGCGGGGTCCTGGGCCTTTACAGTACAGAG,delTGACCGAACAATGGAGAGCCAGTGTCCCGGAGTGGC
505,del,29,,36,0.0,1.3959277944601689e-05,GTCTGGCTTCCCAACGCGGGGTCCTGGGCCTTTACAGTATAGAG,delGACCGAACAATGGAGAGCCAGTGTCCCGGAGTGGCC
506,del,30,,36,0.0,1.3959277944601689e-05,GTCTGGCTTCCCAACGCGGGGTCCTGGGCCTTTACAGTATGGAG,delACCGAACAATGGAGAGCCAGTGTCCCGGAGTGGCCA
507,del,31,,36,0.0,1.3959277944601689e-05,GTCTGGCTTCCCAACGCGGGGTCCTGGGCCTTTACAGTATGAAG,delCCGAACAATGGAGAGCCAGTGTCCCGGAGTGGCCAG
508,del,32,,36,0.0,1.3959277944601689e-05,GTCTGGCTTCCCAACGCGGGGTCCTGGGCCTTTACAGTATGACG,delCGAACAATGGAGAGCCAGTGTCCCGGAGTGGCCAGA
509,del,33,,36,0.0,1.3959277944601689e-05,GTCTGGCTTCCCAACGCGGGGTCCTGGGCCTTTACAGTATGACC,delGAACAATGGAGAGCCAGTGTCCCGGAGTGGCCAGAG
510,del,4,,37,0.0,1.0871493782652231e-05,GTCTGGCTTCCCAAGGAGAGCCAGTGTCCCGGAGTGGCCAGAG,delCGCGGGGTCCTGGGCCTTTACAGTATGACCGAACAAT
511,del,11,,37,0.0,1.0871493782652231e-05,GTCTGGCTTCCCAACGCGGGGCAGTGTCCCGGAGTGGCCAGAG,delTCCTGGGCCTTTACAGTATGACCGAACAATGGAGAGC
512,del,12,,37,0.0,1.0871493782652231e-05,GTCTGGCTTCCCAACGCGGGGTAGTGTCCCGGAGTGGCCAGAG,delCCTGGGCCTTTACAGTATGACCGAACAATGGAGAGCC
513,del,13,,37,0.0,1.0871493782652231e-05,GTCTGGCTTCCCAACGCGGGGTCGTGTCCCGGAGTGGCCAGAG,delCTGGGCCTTTACAGTATGACCGAACAATGGAGAGCCA
514,del,17,,37,0.0,1.0871493782652231e-05,GTCTGGCTTCCCAACGCGGGGTCCTGGCCCGGAGTGGCCAGAG,delGCCTTTACAGTATGACCGAACAATGGAGAGCCAGTGT
515,del,21,,37,0.0,1.0871493782652231e-05,GTCTGGCTTCCCAACGCGGGGTCCTGGGCCTGAGTGGCCAGAG,delTTACAGTATGACCGAACAATGGAGAGCCAGTGTCCCG
516,del,22,,37,0.0,1.0871493782652231e-05,GTCTGGCTTCCCAACGCGGGGTCCTGGGCCTTAGTGGCCAGAG,delTACAGTATGACCGAACAATGGAGAGCCAGTGTCCCGG
517,del,23,,37,0.0,1.0871493782652231e-05,GTCTGGCTTCCCAACGCGGGGTCCTGGGCCTTTGTGGCCAGAG,delACAGTATGACCGAACAATGGAGAGCCAGTGTCCCGGA
518,del,24,,37,0.0,1.0871493782652231e-05,GTCTGGCTTCCCAACGCGGGGTCCTGGGCCTTTATGGCCAGAG,delCAGTATGACCGAACAATGGAGAGCCAGTGTCCCGGAG
519,del,25,,37,0.0,1.0871493782652231e-05,GTCTGGCTTCCCAACGCGGGGTCCTGGGCCTTTACGGCCAGAG,delAGTATGACCGAACAATGGAGAGCCAGTGTCCCGGAGT
520,del,28,,37,0.0,1.0871493782652231e-05,GTCTGGCTTCCCAACGCGGGGTCCTGGGCCTTTACAGTCAGAG,delATGACCGAACAATGGAGAGCCAGTGTCCCGGAGTGGC
521,del,29,,37,0.0,1.0871493782652231e-05,GTCTGGCTTCCCAACGCGGGGTCCTGGGCCTTTACAGTAAGAG,delTGACCGAACAATGGAGAGCCAGTGTCCCGGAGTGGCC
522,del,33,,37,0.0,1.0871493782652231e-05,GTCTGGCTTCCCAACGCGGGGTCCTGGGCCTTTACAGTATGAC,delCGAACAATGGAGAGCCAGTGTCCCGGAGTGGCCAGAG
523,del,2,,38,0.0,4.2333631932669e-06,GTCTGGCTTCCATGGAGAGCCAGTGTCCCGGAGTGGCCAGAG,delCAACGCGGGGTCCTGGGCCTTTACAGTATGACCGAACA
524,del,3,,38,0.0,4.2333631932669e-06,GTCTGGCTTCCCTGGAGAGCCAGTGTCCCGGAGTGGCCAGAG,delAACGCGGGGTCCTGGGCCTTTACAGTATGACCGAACAA
525,del,4,,38,0.0,4.2333631932669e-06,GTCTGGCTTCCCAGGAGAGCCAGTGTCCCGGAGTGGCCAGAG,delACGCGGGGTCCTGGGCCTTTACAGTATGACCGAACAAT
526,del,5,,38,0.0,4.2333631932669e-06,GTCTGGCTTCCCAAGAGAGCCAGTGTCCCGGAGTGGCCAGAG,delCGCGGGGTCCTGGGCCTTTACAGTATGACCGAACAATG
527,del,6,,38,0.0,4.2333631932669e-06,GTCTGGCTTCCCAACAGAGCCAGTGTCCCGGAGTGGCCAGAG,delGCGGGGTCCTGGGCCTTTACAGTATGACCGAACAATGG
528,del,7,,38,0.0,4.2333631932669e-06,GTCTGGCTTCCCAACGGAGCCAGTGTCCCGGAGTGGCCAGAG,delCGGGGTCCTGGGCCTTTACAGTATGACCGAACAATGGA
529,del,8,,38,0.0,4.2333631932669e-06,GTCTGGCTTCCCAACGCAGCCAGTGTCCCGGAGTGGCCAGAG,delGGGGTCCTGGGCCTTTACAGTATGACCGAACAATGGAG
530,del,11,,38,0.0,4.2333631932669e-06,GTCTGGCTTCCCAACGCGGGCAGTGTCCCGGAGTGGCCAGAG,delGTCCTGGGCCTTTACAGTATGACCGAACAATGGAGAGC
531,del,12,,38,0.0,4.2333631932669e-06,GTCTGGCTTCCCAACGCGGGGAGTGTCCCGGAGTGGCCAGAG,delTCCTGGGCCTTTACAGTATGACCGAACAATGGAGAGCC
532,del,13,,38,0.0,4.2333631932669e-06,GTCTGGCTTCCCAACGCGGGGTGTGTCCCGGAGTGGCCAGAG,delCCTGGGCCTTTACAGTATGACCGAACAATGGAGAGCCA
533,del,14,,38,0.0,4.2333631932669e-06,GTCTGGCTTCCCAACGCGGGGTCTGTCCCGGAGTGGCCAGAG,delCTGGGCCTTTACAGTATGACCGAACAATGGAGAGCCAG
534,del,15,,38,0.0,4.2333631932669e-06,GTCTGGCTTCCCAACGCGGGGTCCGTCCCGGAGTGGCCAGAG,delTGGGCCTTTACAGTATGACCGAACAATGGAGAGCCAGT
535,del,16,,38,0.0,4.2333631932669e-06,GTCTGGCTTCCCAACGCGGGGTCCTTCCCGGAGTGGCCAGAG,delGGGCCTTTACAGTATGACCGAACAATGGAGAGCCAGTG
536,del,17,,38,0.0,4.2333631932669e-06,GTCTGGCTTCCCAACGCGGGGTCCTGCCCGGAGTGGCCAGAG,delGGCCTTTACAGTATGACCGAACAATGGAGAGCCAGTGT
537,del,18,,38,0.0,4.2333631932669e-06,GTCTGGCTTCCCAACGCGGGGTCCTGGCCGGAGTGGCCAGAG,delGCCTTTACAGTATGACCGAACAATGGAGAGCCAGTGTC
538,del,21,,38,0.0,4.2333631932669e-06,GTCTGGCTTCCCAACGCGGGGTCCTGGGCCGAGTGGCCAGAG,delTTTACAGTATGACCGAACAATGGAGAGCCAGTGTCCCG
539,del,22,,38,0.0,4.2333631932669e-06,GTCTGGCTTCCCAACGCGGGGTCCTGGGCCTAGTGGCCAGAG,delTTACAGTATGACCGAACAATGGAGAGCCAGTGTCCCGG
540,del,23,,38,0.0,4.2333631932669e-06,GTCTGGCTTCCCAACGCGGGGTCCTGGGCCTTGTGGCCAGAG,delTACAGTATGACCGAACAATGGAGAGCCAGTGTCCCGGA
541,del,24,,38,0.0,4.2333631932669e-06,GTCTGGCTTCCCAACGCGGGGTCCTGGGCCTTTTGGCCAGAG,delACAGTATGACCGAACAATGGAGAGCCAGTGTCCCGGAG
542,del,25,,38,0.0,4.2333631932669e-06,GTCTGGCTTCCCAACGCGGGGTCCTGGGCCTTTAGGCCAGAG,delCAGTATGACCGAACAATGGAGAGCCAGTGTCCCGGAGT
543,del,26,,38,0.0,4.2333631932669e-06,GTCTGGCTTCCCAACGCGGGGTCCTGGGCCTTTACGCCAGAG,delAGTATGACCGAACAATGGAGAGCCAGTGTCCCGGAGTG
544,del,27,,38,0.0,4.2333631932669e-06,GTCTGGCTTCCCAACGCGGGGTCCTGGGCCTTTACACCAGAG,delGTATGACCGAACAATGGAGAGCCAGTGTCCCGGAGTGG
545,del,28,,38,0.0,4.2333631932669e-06,GTCTGGCTTCCCAACGCGGGGTCCTGGGCCTTTACAGCAGAG,delTATGACCGAACAATGGAGAGCCAGTGTCCCGGAGTGGC
546,del,31,,38,0.0,4.2333631932669e-06,GTCTGGCTTCCCAACGCGGGGTCCTGGGCCTTTACAGTATAG,delGACCGAACAATGGAGAGCCAGTGTCCCGGAGTGGCCAG
547,del,32,,38,0.0,4.2333631932669e-06,GTCTGGCTTCCCAACGCGGGGTCCTGGGCCTTTACAGTATGG,delACCGAACAATGGAGAGCCAGTGTCCCGGAGTGGCCAGA
548,del,33,,38,0.0,4.2333631932669e-06,GTCTGGCTTCCCAACGCGGGGTCCTGGGCCTTTACAGTATGA,delCCGAACAATGGAGAGCCAGTGTCCCGGAGTGGCCAGAG
549,del,0,,39,0.0,4.286030031231185e-05,GTCTGGCTCAATGGAGAGCCAGTGTCCCGGAGTGGCCAGAG,delTCCCAACGCGGGGTCCTGGGCCTTTACAGTATGACCGAA
550,del,1,,39,0.0,1.8634913179266021e-06,GTCTGGCTTAATGGAGAGCCAGTGTCCCGGAGTGGCCAGAG,delCCCAACGCGGGGTCCTGGGCCTTTACAGTATGACCGAAC
551,del,2,,39,0.0,1.8634913179266021e-06,GTCTGGCTTCATGGAGAGCCAGTGTCCCGGAGTGGCCAGAG,delCCAACGCGGGGTCCTGGGCCTTTACAGTATGACCGAACA
552,del,3,,39,0.0,1.8634913179266021e-06,GTCTGGCTTCCTGGAGAGCCAGTGTCCCGGAGTGGCCAGAG,delCAACGCGGGGTCCTGGGCCTTTACAGTATGACCGAACAA
553,del,4,,39,0.0,1.8634913179266021e-06,GTCTGGCTTCCCGGAGAGCCAGTGTCCCGGAGTGGCCAGAG,delAACGCGGGGTCCTGGGCCTTTACAGTATGACCGAACAAT
554,del,5,,39,0.0,1.8634913179266021e-06,GTCTGGCTTCCCAGAGAGCCAGTGTCCCGGAGTGGCCAGAG,delACGCGGGGTCCTGGGCCTTTACAGTATGACCGAACAATG
555,del,6,,39,0.0,1.8634913179266021e-06,GTCTGGCTTCCCAAAGAGCCAGTGTCCCGGAGTGGCCAGAG,delCGCGGGGTCCTGGGCCTTTACAGTATGACCGAACAATGG
556,del,11,,39,0.0,1.8634913179266021e-06,GTCTGGCTTCCCAACGCGGCAGTGTCCCGGAGTGGCCAGAG,delGGTCCTGGGCCTTTACAGTATGACCGAACAATGGAGAGC
557,del,12,,39,0.0,1.8634913179266021e-06,GTCTGGCTTCCCAACGCGGGAGTGTCCCGGAGTGGCCAGAG,delGTCCTGGGCCTTTACAGTATGACCGAACAATGGAGAGCC
558,del,13,,39,0.0,1.8634913179266021e-06,GTCTGGCTTCCCAACGCGGGGGTGTCCCGGAGTGGCCAGAG,delTCCTGGGCCTTTACAGTATGACCGAACAATGGAGAGCCA
559,del,14,,39,0.0,1.8634913179266021e-06,GTCTGGCTTCCCAACGCGGGGTTGTCCCGGAGTGGCCAGAG,delCCTGGGCCTTTACAGTATGACCGAACAATGGAGAGCCAG
560,del,15,,39,0.0,1.8634913179266021e-06,GTCTGGCTTCCCAACGCGGGGTCGTCCCGGAGTGGCCAGAG,delCTGGGCCTTTACAGTATGACCGAACAATGGAGAGCCAGT
561,del,18,,39,0.0,1.8634913179266021e-06,GTCTGGCTTCCCAACGCGGGGTCCTGCCGGAGTGGCCAGAG,delGGCCTTTACAGTATGACCGAACAATGGAGAGCCAGTGTC
562,del,19,,39,0.0,1.8634913179266021e-06,GTCTGGCTTCCCAACGCGGGGTCCTGGCGGAGTGGCCAGAG,delGCCTTTACAGTATGACCGAACAATGGAGAGCCAGTGTCC
563,del,20,,39,0.0,1.8634913179266021e-06,GTCTGGCTTCCCAACGCGGGGTCCTGGGGGAGTGGCCAGAG,delCCTTTACAGTATGACCGAACAATGGAGAGCCAGTGTCCC
564,del,21,,39,0.0,1.8634913179266021e-06,GTCTGGCTTCCCAACGCGGGGTCCTGGGCGAGTGGCCAGAG,delCTTTACAGTATGACCGAACAATGGAGAGCCAGTGTCCCG
565,del,22,,39,0.0,1.8634913179266021e-06,GTCTGGCTTCCCAACGCGGGGTCCTGGGCCAGTGGCCAGAG,delTTTACAGTATGACCGAACAATGGAGAGCCAGTGTCCCGG
566,del,23,,39,0.0,1.8634913179266021e-06,GTCTGGCTTCCCAACGCGGGGTCCTGGGCCTGTGGCCAGAG,delTTACAGTATGACCGAACAATGGAGAGCCAGTGTCCCGGA
567,del,26,,39,0.0,1.8634913179266021e-06,GTCTGGCTTCCCAACGCGGGGTCCTGGGCCTTTAGCCAGAG,delCAGTATGACCGAACAATGGAGAGCCAGTGTCCCGGAGTG
568,del,27,,39,0.0,1.8634913179266021e-06,GTCTGGCTTCCCAACGCGGGGTCCTGGGCCTTTACCCAGAG,delAGTATGACCGAACAATGGAGAGCCAGTGTCCCGGAGTGG
569,del,28,,39,0.0,1.8634913179266021e-06,GTCTGGCTTCCCAACGCGGGGTCCTGGGCCTTTACACAGAG,delGTATGACCGAACAATGGAGAGCCAGTGTCCCGGAGTGGC
570,del,29,,39,0.0,1.8634913179266021e-06,GTCTGGCTTCCCAACGCGGGGTCCTGGGCCTTTACAGAGAG,delTATGACCGAACAATGGAGAGCCAGTGTCCCGGAGTGGCC
571,del,30,,39,0.0,1.8634913179266021e-06,GTCTGGCTTCCCAACGCGGGGTCCTGGGCCTTTACAGTGAG,delATGACCGAACAATGGAGAGCCAGTGTCCCGGAGTGGCCA
572,del,31,,39,0.0,1.8634913179266021e-06,GTCTGGCTTCCCAACGCGGGGTCCTGGGCCTTTACAGTAAG,delTGACCGAACAATGGAGAGCCAGTGTCCCGGAGTGGCCAG
573,del,0,,40,0.0,3.3379632752645154e-05,GTCTGGCCAATGGAGAGCCAGTGTCCCGGAGTGGCCAGAG,delTTCCCAACGCGGGGTCCTGGGCCTTTACAGTATGACCGAA
574,del,1,,40,0.0,1.6689816376322578e-06,GTCTGGCTAATGGAGAGCCAGTGTCCCGGAGTGGCCAGAG,delTCCCAACGCGGGGTCCTGGGCCTTTACAGTATGACCGAAC
575,del,2,,40,0.0,1.6689816376322578e-06,GTCTGGCTTATGGAGAGCCAGTGTCCCGGAGTGGCCAGAG,delCCCAACGCGGGGTCCTGGGCCTTTACAGTATGACCGAACA
576,del,3,,40,0.0,1.6689816376322578e-06,GTCTGGCTTCTGGAGAGCCAGTGTCCCGGAGTGGCCAGAG,delCCAACGCGGGGTCCTGGGCCTTTACAGTATGACCGAACAA
577,del,4,,40,0.0,1.6689816376322578e-06,GTCTGGCTTCCGGAGAGCCAGTGTCCCGGAGTGGCCAGAG,delCAACGCGGGGTCCTGGGCCTTTACAGTATGACCGAACAAT
578,del,5,,40,0.0,1.6689816376322578e-06,GTCTGGCTTCCCGAGAGCCAGTGTCCCGGAGTGGCCAGAG,delAACGCGGGGTCCTGGGCCTTTACAGTATGACCGAACAATG
579,del,8,,40,0.0,1.6689816376322578e-06,GTCTGGCTTCCCAACAGCCAGTGTCCCGGAGTGGCCAGAG,delGCGGGGTCCTGGGCCTTTACAGTATGACCGAACAATGGAG
580,del,9,,40,0.0,1.6689816376322578e-06,GTCTGGCTTCCCAACGGCCAGTGTCCCGGAGTGGCCAGAG,delCGGGGTCCTGGGCCTTTACAGTATGACCGAACAATGGAGA
581,del,10,,40,0.0,1.6689816376322578e-06,GTCTGGCTTCCCAACGCCCAGTGTCCCGGAGTGGCCAGAG,delGGGGTCCTGGGCCTTTACAGTATGACCGAACAATGGAGAG
582,del,11,,40,0.0,1.6689816376322578e-06,GTCTGGCTTCCCAACGCGCAGTGTCCCGGAGTGGCCAGAG,delGGGTCCTGGGCCTTTACAGTATGACCGAACAATGGAGAGC
583,del,12,,40,0.0,1.6689816376322578e-06,GTCTGGCTTCCCAACGCGGAGTGTCCCGGAGTGGCCAGAG,delGGTCCTGGGCCTTTACAGTATGACCGAACAATGGAGAGCC
584,del,16,,40,0.0,1.6689816376322578e-06,GTCTGGCTTCCCAACGCGGGGTCTCCCGGAGTGGCCAGAG,delCTGGGCCTTTACAGTATGACCGAACAATGGAGAGCCAGTG
585,del,17,,40,0.0,1.6689816376322578e-06,GTCTGGCTTCCCAACGCGGGGTCCCCCGGAGTGGCCAGAG,delTGGGCCTTTACAGTATGACCGAACAATGGAGAGCCAGTGT
586,del,18,,40,0.0,1.6689816376322578e-06,GTCTGGCTTCCCAACGCGGGGTCCTCCGGAGTGGCCAGAG,delGGGCCTTTACAGTATGACCGAACAATGGAGAGCCAGTGTC
587,del,19,,40,0.0,1.6689816376322578e-06,GTCTGGCTTCCCAACGCGGGGTCCTGCGGAGTGGCCAGAG,delGGCCTTTACAGTATGACCGAACAATGGAGAGCCAGTGTCC
588,del,22,,40,0.0,1.6689816376322578e-06,GTCTGGCTTCCCAACGCGGGGTCCTGGGCAGTGGCCAGAG,delCTTTACAGTATGACCGAACAATGGAGAGCCAGTGTCCCGG
589,del,23,,40,0.0,1.6689816376322578e-06,GTCTGGCTTCCCAACGCGGGGTCCTGGGCCGTGGCCAGAG,delTTTACAGTATGACCGAACAATGGAGAGCCAGTGTCCCGGA
590,del,26,,40,0.0,1.6689816376322578e-06,GTCTGGCTTCCCAACGCGGGGTCCTGGGCCTTTGCCAGAG,delACAGTATGACCGAACAATGGAGAGCCAGTGTCCCGGAGTG
591,del,29,,40,0.0,1.6689816376322578e-06,GTCTGGCTTCCCAACGCGGGGTCCTGGGCCTTTACAAGAG,delGTATGACCGAACAATGGAGAGCCAGTGTCCCGGAGTGGCC
592,del,30,,40,0.0,1.6689816376322578e-06,GTCTGGCTTCCCAACGCGGGGTCCTGGGCCTTTACAGGAG,delTATGACCGAACAATGGAGAGCCAGTGTCCCGGAGTGGCCA
593,del,33,,40,0.0,1.6689816376322578e-06,GTCTGGCTTCCCAACGCGGGGTCCTGGGCCTTTACAGTAT,delGACCGAACAATGGAGAGCCAGTGTCCCGGAGTGGCCAGAG
594,del,2,,41,0.0,3.713726100389362e-06,GTCTGGCTATGGAGAGCCAGTGTCCCGGAGTGGCCAGAG,delTCCCAACGCGGGGTCCTGGGCCTTTACAGTATGACCGAACA
595,del,3,,41,0.0,3.713726100389362e-06,GTCTGGCTTTGGAGAGCCAGTGTCCCGGAGTGGCCAGAG,delCCCAACGCGGGGTCCTGGGCCTTTACAGTATGACCGAACAA
596,del,4,,41,0.0,3.713726100389362e-06,GTCTGGCTTCGGAGAGCCAGTGTCCCGGAGTGGCCAGAG,delCCAACGCGGGGTCCTGGGCCTTTACAGTATGACCGAACAAT
597,del,5,,41,0.0,3.713726100389362e-06,GTCTGGCTTCCGAGAGCCAGTGTCCCGGAGTGGCCAGAG,delCAACGCGGGGTCCTGGGCCTTTACAGTATGACCGAACAATG
598,del,8,,41,0.0,3.713726100389362e-06,GTCTGGCTTCCCAAAGCCAGTGTCCCGGAGTGGCCAGAG,delCGCGGGGTCCTGGGCCTTTACAGTATGACCGAACAATGGAG
599,del,12,,41,0.0,3.713726100389362e-06,GTCTGGCTTCCCAACGCGAGTGTCCCGGAGTGGCCAGAG,delGGGTCCTGGGCCTTTACAGTATGACCGAACAATGGAGAGCC
600,del,15,,41,0.0,3.713726100389362e-06,GTCTGGCTTCCCAACGCGGGGGTCCCGGAGTGGCCAGAG,delTCCTGGGCCTTTACAGTATGACCGAACAATGGAGAGCCAGT
601,del,16,,41,0.0,3.713726100389362e-06,GTCTGGCTTCCCAACGCGGGGTTCCCGGAGTGGCCAGAG,delCCTGGGCCTTTACAGTATGACCGAACAATGGAGAGCCAGTG
602,del,19,,41,0.0,3.713726100389362e-06,GTCTGGCTTCCCAACGCGGGGTCCTCGGAGTGGCCAGAG,delGGGCCTTTACAGTATGACCGAACAATGGAGAGCCAGTGTCC
603,del,23,,41,0.0,3.713726100389362e-06,GTCTGGCTTCCCAACGCGGGGTCCTGGGCGTGGCCAGAG,delCTTTACAGTATGACCGAACAATGGAGAGCCAGTGTCCCGGA
604,del,26,,41,0.0,3.713726100389362e-06,GTCTGGCTTCCCAACGCGGGGTCCTGGGCCTTGCCAGAG,delTACAGTATGACCGAACAATGGAGAGCCAGTGTCCCGGAGTG
605,del,27,,41,0.0,3.713726100389362e-06,GTCTGGCTTCCCAACGCGGGGTCCTGGGCCTTTCCAGAG,delACAGTATGACCGAACAATGGAGAGCCAGTGTCCCGGAGTGG
606,del,32,,41,0.0,3.713726100389362e-06,GTCTGGCTTCCCAACGCGGGGTCCTGGGCCTTTACAGTG,delATGACCGAACAATGGAGAGCCAGTGTCCCGGAGTGGCCAGA
607,del,33,,41,0.0,3.713726100389362e-06,GTCTGGCTTCCCAACGCGGGGTCCTGGGCCTTTACAGTA,delTGACCGAACAATGGAGAGCCAGTGTCCCGGAGTGGCCAGAG
608,del,0,,42,0.0,2.024576881284197e-05,GTCTGCAATGGAGAGCCAGTGTCCCGGAGTGGCCAGAG,delGCTTCCCAACGCGGGGTCCTGGGCCTTTACAGTATGACCGAA
609,del,1,,42,0.0,1.1909275772259982e-06,GTCTGGAATGGAGAGCCAGTGTCCCGGAGTGGCCAGAG,delCTTCCCAACGCGGGGTCCTGGGCCTTTACAGTATGACCGAAC
610,del,2,,42,0.0,1.1909275772259982e-06,GTCTGGCATGGAGAGCCAGTGTCCCGGAGTGGCCAGAG,delTTCCCAACGCGGGGTCCTGGGCCTTTACAGTATGACCGAACA
611,del,5,,42,0.0,1.1909275772259982e-06,GTCTGGCTTCGAGAGCCAGTGTCCCGGAGTGGCCAGAG,delCCAACGCGGGGTCCTGGGCCTTTACAGTATGACCGAACAATG
612,del,6,,42,0.0,1.1909275772259982e-06,GTCTGGCTTCCAGAGCCAGTGTCCCGGAGTGGCCAGAG,delCAACGCGGGGTCCTGGGCCTTTACAGTATGACCGAACAATGG
613,del,7,,42,0.0,1.1909275772259982e-06,GTCTGGCTTCCCGAGCCAGTGTCCCGGAGTGGCCAGAG,delAACGCGGGGTCCTGGGCCTTTACAGTATGACCGAACAATGGA
614,del,10,,42,0.0,1.1909275772259982e-06,GTCTGGCTTCCCAACCCAGTGTCCCGGAGTGGCCAGAG,delGCGGGGTCCTGGGCCTTTACAGTATGACCGAACAATGGAGAG
615,del,23,,42,0.0,1.1909275772259982e-06,GTCTGGCTTCCCAACGCGGGGTCCTGGGGTGGCCAGAG,delCCTTTACAGTATGACCGAACAATGGAGAGCCAGTGTCCCGGA
616,del,24,,42,0.0,1.1909275772259982e-06,GTCTGGCTTCCCAACGCGGGGTCCTGGGCTGGCCAGAG,delCTTTACAGTATGACCGAACAATGGAGAGCCAGTGTCCCGGAG
617,del,25,,42,0.0,1.1909275772259982e-06,GTCTGGCTTCCCAACGCGGGGTCCTGGGCCGGCCAGAG,delTTTACAGTATGACCGAACAATGGAGAGCCAGTGTCCCGGAGT
618,del,26,,42,0.0,1.1909275772259982e-06,GTCTGGCTTCCCAACGCGGGGTCCTGGGCCTGCCAGAG,delTTACAGTATGACCGAACAATGGAGAGCCAGTGTCCCGGAGTG
619,del,27,,42,0.0,1.1909275772259982e-06,GTCTGGCTTCCCAACGCGGGGTCCTGGGCCTTCCAGAG,delTACAGTATGACCGAACAATGGAGAGCCAGTGTCCCGGAGTGG
620,del,28,,42,0.0,1.1909275772259982e-06,GTCTGGCTTCCCAACGCGGGGTCCTGGGCCTTTCAGAG,delACAGTATGACCGAACAATGGAGAGCCAGTGTCCCGGAGTGGC
621,del,29,,42,0.0,1.1909275772259982e-06,GTCTGGCTTCCCAACGCGGGGTCCTGGGCCTTTAAGAG,delCAGTATGACCGAACAATGGAGAGCCAGTGTCCCGGAGTGGCC
622,del,30,,42,0.0,1.1909275772259982e-06,GTCTGGCTTCCCAACGCGGGGTCCTGGGCCTTTACGAG,delAGTATGACCGAACAATGGAGAGCCAGTGTCCCGGAGTGGCCA
623,del,31,,42,0.0,1.1909275772259982e-06,GTCTGGCTTCCCAACGCGGGGTCCTGGGCCTTTACAAG,delGTATGACCGAACAATGGAGAGCCAGTGTCCCGGAGTGGCCAG
624,del,32,,42,0.0,1.1909275772259982e-06,GTCTGGCTTCCCAACGCGGGGTCCTGGGCCTTTACAGG,delTATGACCGAACAATGGAGAGCCAGTGTCCCGGAGTGGCCAGA
625,del,33,,42,0.0,1.1909275772259982e-06,GTCTGGCTTCCCAACGCGGGGTCCTGGGCCTTTACAGT,delATGACCGAACAATGGAGAGCCAGTGTCCCGGAGTGGCCAGAG
626,del,0,,43,0.0,1.576742020709383e-05,GTCTCAATGGAGAGCCAGTGTCCCGGAGTGGCCAGAG,delGGCTTCCCAACGCGGGGTCCTGGGCCTTTACAGTATGACCGAA
627,del,1,,43,0.0,1.43340183700853e-06,GTCTGAATGGAGAGCCAGTGTCCCGGAGTGGCCAGAG,delGCTTCCCAACGCGGGGTCCTGGGCCTTTACAGTATGACCGAAC
628,del,2,,43,0.0,1.43340183700853e-06,GTCTGGATGGAGAGCCAGTGTCCCGGAGTGGCCAGAG,delCTTCCCAACGCGGGGTCCTGGGCCTTTACAGTATGACCGAACA
629,del,5,,43,0.0,1.43340183700853e-06,GTCTGGCTTGAGAGCCAGTGTCCCGGAGTGGCCAGAG,delCCCAACGCGGGGTCCTGGGCCTTTACAGTATGACCGAACAATG
630,del,6,,43,0.0,1.43340183700853e-06,GTCTGGCTTCAGAGCCAGTGTCCCGGAGTGGCCAGAG,delCCAACGCGGGGTCCTGGGCCTTTACAGTATGACCGAACAATGG
631,del,7,,43,0.0,1.43340183700853e-06,GTCTGGCTTCCGAGCCAGTGTCCCGGAGTGGCCAGAG,delCAACGCGGGGTCCTGGGCCTTTACAGTATGACCGAACAATGGA
632,del,12,,43,0.0,1.43340183700853e-06,GTCTGGCTTCCCAACGAGTGTCCCGGAGTGGCCAGAG,delCGGGGTCCTGGGCCTTTACAGTATGACCGAACAATGGAGAGCC
633,del,17,,43,0.0,1.43340183700853e-06,GTCTGGCTTCCCAACGCGGGGCCCGGAGTGGCCAGAG,delTCCTGGGCCTTTACAGTATGACCGAACAATGGAGAGCCAGTGT
634,del,25,,43,0.0,1.43340183700853e-06,GTCTGGCTTCCCAACGCGGGGTCCTGGGCGGCCAGAG,delCTTTACAGTATGACCGAACAATGGAGAGCCAGTGTCCCGGAGT
635,del,26,,43,0.0,1.43340183700853e-06,GTCTGGCTTCCCAACGCGGGGTCCTGGGCCGCCAGAG,delTTTACAGTATGACCGAACAATGGAGAGCCAGTGTCCCGGAGTG
636,del,27,,43,0.0,1.43340183700853e-06,GTCTGGCTTCCCAACGCGGGGTCCTGGGCCTCCAGAG,delTTACAGTATGACCGAACAATGGAGAGCCAGTGTCCCGGAGTGG
637,del,28,,43,0.0,1.43340183700853e-06,GTCTGGCTTCCCAACGCGGGGTCCTGGGCCTTCAGAG,delTACAGTATGACCGAACAATGGAGAGCCAGTGTCCCGGAGTGGC
638,del,0,,44,0.0,1.2279678993575563e-05,GTCCAATGGAGAGCCAGTGTCCCGGAGTGGCCAGAG,delTGGCTTCCCAACGCGGGGTCCTGGGCCTTTACAGTATGACCGAA
639,del,1,,44,0.0,4.911871597430226e-07,GTCTAATGGAGAGCCAGTGTCCCGGAGTGGCCAGAG,delGGCTTCCCAACGCGGGGTCCTGGGCCTTTACAGTATGACCGAAC
640,del,2,,44,0.0,4.911871597430226e-07,GTCTGATGGAGAGCCAGTGTCCCGGAGTGGCCAGAG,delGCTTCCCAACGCGGGGTCCTGGGCCTTTACAGTATGACCGAACA
641,del,3,,44,0.0,4.911871597430226e-07,GTCTGGTGGAGAGCCAGTGTCCCGGAGTGGCCAGAG,delCTTCCCAACGCGGGGTCCTGGGCCTTTACAGTATGACCGAACAA
642,del,4,,44,0.0,4.911871597430226e-07,GTCTGGCGGAGAGCCAGTGTCCCGGAGTGGCCAGAG,delTTCCCAACGCGGGGTCCTGGGCCTTTACAGTATGACCGAACAAT
643,del,5,,44,0.0,4.911871597430226e-07,GTCTGGCTGAGAGCCAGTGTCCCGGAGTGGCCAGAG,delTCCCAACGCGGGGTCCTGGGCCTTTACAGTATGACCGAACAATG
644,del,6,,44,0.0,4.911871597430226e-07,GTCTGGCTTAGAGCCAGTGTCCCGGAGTGGCCAGAG,delCCCAACGCGGGGTCCTGGGCCTTTACAGTATGACCGAACAATGG
645,del,7,,44,0.0,4.911871597430226e-07,GTCTGGCTTCGAGCCAGTGTCCCGGAGTGGCCAGAG,delCCAACGCGGGGTCCTGGGCCTTTACAGTATGACCGAACAATGGA
646,del,8,,44,0.0,4.911871597430226e-07,GTCTGGCTTCCAGCCAGTGTCCCGGAGTGGCCAGAG,delCAACGCGGGGTCCTGGGCCTTTACAGTATGACCGAACAATGGAG
647,del,9,,44,0.0,4.911871597430226e-07,GTCTGGCTTCCCGCCAGTGTCCCGGAGTGGCCAGAG,delAACGCGGGGTCCTGGGCCTTTACAGTATGACCGAACAATGGAGA
648,del,10,,44,0.0,4.911871597430226e-07,GTCTGGCTTCCCACCAGTGTCCCGGAGTGGCCAGAG,delACGCGGGGTCCTGGGCCTTTACAGTATGACCGAACAATGGAGAG
649,del,13,,44,0.0,4.911871597430226e-07,GTCTGGCTTCCCAACGGTGTCCCGGAGTGGCCAGAG,delCGGGGTCCTGGGCCTTTACAGTATGACCGAACAATGGAGAGCCA
650,del,14,,44,0.0,4.911871597430226e-07,GTCTGGCTTCCCAACGCTGTCCCGGAGTGGCCAGAG,delGGGGTCCTGGGCCTTTACAGTATGACCGAACAATGGAGAGCCAG
651,del,17,,44,0.0,4.911871597430226e-07,GTCTGGCTTCCCAACGCGGGCCCGGAGTGGCCAGAG,delGTCCTGGGCCTTTACAGTATGACCGAACAATGGAGAGCCAGTGT
652,del,18,,44,0.0,4.911871597430226e-07,GTCTGGCTTCCCAACGCGGGGCCGGAGTGGCCAGAG,delTCCTGGGCCTTTACAGTATGACCGAACAATGGAGAGCCAGTGTC
653,del,21,,44,0.0,4.911871597430226e-07,GTCTGGCTTCCCAACGCGGGGTCCGAGTGGCCAGAG,delTGGGCCTTTACAGTATGACCGAACAATGGAGAGCCAGTGTCCCG
654,del,22,,44,0.0,4.911871597430226e-07,GTCTGGCTTCCCAACGCGGGGTCCTAGTGGCCAGAG,delGGGCCTTTACAGTATGACCGAACAATGGAGAGCCAGTGTCCCGG
655,del,25,,44,0.0,4.911871597430226e-07,GTCTGGCTTCCCAACGCGGGGTCCTGGGGGCCAGAG,delCCTTTACAGTATGACCGAACAATGGAGAGCCAGTGTCCCGGAGT
656,del,26,,44,0.0,4.911871597430226e-07,GTCTGGCTTCCCAACGCGGGGTCCTGGGCGCCAGAG,delCTTTACAGTATGACCGAACAATGGAGAGCCAGTGTCCCGGAGTG
657,del,27,,44,0.0,4.911871597430226e-07,GTCTGGCTTCCCAACGCGGGGTCCTGGGCCCCAGAG,delTTTACAGTATGACCGAACAATGGAGAGCCAGTGTCCCGGAGTGG
658,del,28,,44,0.0,4.911871597430226e-07,GTCTGGCTTCCCAACGCGGGGTCCTGGGCCTCAGAG,delTTACAGTATGACCGAACAATGGAGAGCCAGTGTCCCGGAGTGGC
659,del,29,,44,0.0,4.911871597430226e-07,GTCTGGCTTCCCAACGCGGGGTCCTGGGCCTTAGAG,delTACAGTATGACCGAACAATGGAGAGCCAGTGTCCCGGAGTGGCC
660,del,30,,44,0.0,4.911871597430226e-07,GTCTGGCTTCCCAACGCGGGGTCCTGGGCCTTTGAG,delACAGTATGACCGAACAATGGAGAGCCAGTGTCCCGGAGTGGCCA
661,del,31,,44,0.0,4.911871597430226e-07,GTCTGGCTTCCCAACGCGGGGTCCTGGGCCTTTAAG,delCAGTATGACCGAACAATGGAGAGCCAGTGTCCCGGAGTGGCCAG
662,del,32,,44,0.0,4.911871597430226e-07,GTCTGGCTTCCCAACGCGGGGTCCTGGGCCTTTACG,delAGTATGACCGAACAATGGAGAGCCAGTGTCCCGGAGTGGCCAGA
663,del,33,,44,0.0,4.911871597430226e-07,GTCTGGCTTCCCAACGCGGGGTCCTGGGCCTTTACA,delGTATGACCGAACAATGGAGAGCCAGTGTCCCGGAGTGGCCAGAG
664,del,2,,45,0.0,9.563423504520392e-07,GTCTATGGAGAGCCAGTGTCCCGGAGTGGCCAGAG,delGGCTTCCCAACGCGGGGTCCTGGGCCTTTACAGTATGACCGAACA
665,del,3,,45,0.0,9.563423504520392e-07,GTCTGTGGAGAGCCAGTGTCCCGGAGTGGCCAGAG,delGCTTCCCAACGCGGGGTCCTGGGCCTTTACAGTATGACCGAACAA
666,del,4,,45,0.0,9.563423504520392e-07,GTCTGGGGAGAGCCAGTGTCCCGGAGTGGCCAGAG,delCTTCCCAACGCGGGGTCCTGGGCCTTTACAGTATGACCGAACAAT
667,del,5,,45,0.0,9.563423504520392e-07,GTCTGGCGAGAGCCAGTGTCCCGGAGTGGCCAGAG,delTTCCCAACGCGGGGTCCTGGGCCTTTACAGTATGACCGAACAATG
668,del,6,,45,0.0,9.563423504520392e-07,GTCTGGCTAGAGCCAGTGTCCCGGAGTGGCCAGAG,delTCCCAACGCGGGGTCCTGGGCCTTTACAGTATGACCGAACAATGG
669,del,7,,45,0.0,9.563423504520392e-07,GTCTGGCTTGAGCCAGTGTCCCGGAGTGGCCAGAG,delCCCAACGCGGGGTCCTGGGCCTTTACAGTATGACCGAACAATGGA
670,del,8,,45,0.0,9.563423504520392e-07,GTCTGGCTTCAGCCAGTGTCCCGGAGTGGCCAGAG,delCCAACGCGGGGTCCTGGGCCTTTACAGTATGACCGAACAATGGAG
671,del,9,,45,0.0,9.563423504520392e-07,GTCTGGCTTCCGCCAGTGTCCCGGAGTGGCCAGAG,delCAACGCGGGGTCCTGGGCCTTTACAGTATGACCGAACAATGGAGA
672,del,10,,45,0.0,9.563423504520392e-07,GTCTGGCTTCCCCCAGTGTCCCGGAGTGGCCAGAG,delAACGCGGGGTCCTGGGCCTTTACAGTATGACCGAACAATGGAGAG
673,del,11,,45,0.0,9.563423504520392e-07,GTCTGGCTTCCCACAGTGTCCCGGAGTGGCCAGAG,delACGCGGGGTCCTGGGCCTTTACAGTATGACCGAACAATGGAGAGC
674,del,12,,45,0.0,9.563423504520392e-07,GTCTGGCTTCCCAAAGTGTCCCGGAGTGGCCAGAG,delCGCGGGGTCCTGGGCCTTTACAGTATGACCGAACAATGGAGAGCC
675,del,17,,45,0.0,9.563423504520392e-07,GTCTGGCTTCCCAACGCGGCCCGGAGTGGCCAGAG,delGGTCCTGGGCCTTTACAGTATGACCGAACAATGGAGAGCCAGTGT
676,del,18,,45,0.0,9.563423504520392e-07,GTCTGGCTTCCCAACGCGGGCCGGAGTGGCCAGAG,delGTCCTGGGCCTTTACAGTATGACCGAACAATGGAGAGCCAGTGTC
677,del,19,,45,0.0,9.563423504520392e-07,GTCTGGCTTCCCAACGCGGGGCGGAGTGGCCAGAG,delTCCTGGGCCTTTACAGTATGACCGAACAATGGAGAGCCAGTGTCC
678,del,20,,45,0.0,9.563423504520392e-07,GTCTGGCTTCCCAACGCGGGGTGGAGTGGCCAGAG,delCCTGGGCCTTTACAGTATGACCGAACAATGGAGAGCCAGTGTCCC
679,del,21,,45,0.0,9.563423504520392e-07,GTCTGGCTTCCCAACGCGGGGTCGAGTGGCCAGAG,delCTGGGCCTTTACAGTATGACCGAACAATGGAGAGCCAGTGTCCCG
680,del,22,,45,0.0,9.563423504520392e-07,GTCTGGCTTCCCAACGCGGGGTCCAGTGGCCAGAG,delTGGGCCTTTACAGTATGACCGAACAATGGAGAGCCAGTGTCCCGG
681,del,29,,45,0.0,9.563423504520392e-07,GTCTGGCTTCCCAACGCGGGGTCCTGGGCCTAGAG,delTTACAGTATGACCGAACAATGGAGAGCCAGTGTCCCGGAGTGGCC
682,del,30,,45,0.0,9.563423504520392e-07,GTCTGGCTTCCCAACGCGGGGTCCTGGGCCTTGAG,delTACAGTATGACCGAACAATGGAGAGCCAGTGTCCCGGAGTGGCCA
683,del,33,,45,0.0,9.563423504520392e-07,GTCTGGCTTCCCAACGCGGGGTCCTGGGCCTTTAC,delAGTATGACCGAACAATGGAGAGCCAGTGTCCCGGAGTGGCCAGAG
684,del,0,,46,0.0,7.4480016551039964e-06,GCAATGGAGAGCCAGTGTCCCGGAGTGGCCAGAG,delTCTGGCTTCCCAACGCGGGGTCCTGGGCCTTTACAGTATGACCGAA
685,del,1,,46,0.0,3.385455297774544e-07,GTAATGGAGAGCCAGTGTCCCGGAGTGGCCAGAG,delCTGGCTTCCCAACGCGGGGTCCTGGGCCTTTACAGTATGACCGAAC
686,del,2,,46,0.0,3.385455297774544e-07,GTCATGGAGAGCCAGTGTCCCGGAGTGGCCAGAG,delTGGCTTCCCAACGCGGGGTCCTGGGCCTTTACAGTATGACCGAACA
687,del,3,,46,0.0,3.385455297774544e-07,GTCTTGGAGAGCCAGTGTCCCGGAGTGGCCAGAG,delGGCTTCCCAACGCGGGGTCCTGGGCCTTTACAGTATGACCGAACAA
688,del,6,,46,0.0,3.385455297774544e-07,GTCTGGCAGAGCCAGTGTCCCGGAGTGGCCAGAG,delTTCCCAACGCGGGGTCCTGGGCCTTTACAGTATGACCGAACAATGG
689,del,7,,46,0.0,3.385455297774544e-07,GTCTGGCTGAGCCAGTGTCCCGGAGTGGCCAGAG,delTCCCAACGCGGGGTCCTGGGCCTTTACAGTATGACCGAACAATGGA
690,del,8,,46,0.0,3.385455297774544e-07,GTCTGGCTTAGCCAGTGTCCCGGAGTGGCCAGAG,delCCCAACGCGGGGTCCTGGGCCTTTACAGTATGACCGAACAATGGAG
691,del,9,,46,0.0,3.385455297774544e-07,GTCTGGCTTCGCCAGTGTCCCGGAGTGGCCAGAG,delCCAACGCGGGGTCCTGGGCCTTTACAGTATGACCGAACAATGGAGA
692,del,14,,46,0.0,3.385455297774544e-07,GTCTGGCTTCCCAACTGTCCCGGAGTGGCCAGAG,delGCGGGGTCCTGGGCCTTTACAGTATGACCGAACAATGGAGAGCCAG
693,del,15,,46,0.0,3.385455297774544e-07,GTCTGGCTTCCCAACGGTCCCGGAGTGGCCAGAG,delCGGGGTCCTGGGCCTTTACAGTATGACCGAACAATGGAGAGCCAGT
694,del,16,,46,0.0,3.385455297774544e-07,GTCTGGCTTCCCAACGCTCCCGGAGTGGCCAGAG,delGGGGTCCTGGGCCTTTACAGTATGACCGAACAATGGAGAGCCAGTG
695,del,17,,46,0.0,3.385455297774544e-07,GTCTGGCTTCCCAACGCGCCCGGAGTGGCCAGAG,delGGGTCCTGGGCCTTTACAGTATGACCGAACAATGGAGAGCCAGTGT
696,del,18,,46,0.0,3.385455297774544e-07,GTCTGGCTTCCCAACGCGGCCGGAGTGGCCAGAG,delGGTCCTGGGCCTTTACAGTATGACCGAACAATGGAGAGCCAGTGTC
697,del,19,,46,0.0,3.385455297774544e-07,GTCTGGCTTCCCAACGCGGGCGGAGTGGCCAGAG,delGTCCTGGGCCTTTACAGTATGACCGAACAATGGAGAGCCAGTGTCC
698,del,20,,46,0.0,3.385455297774544e-07,GTCTGGCTTCCCAACGCGGGGGGAGTGGCCAGAG,delTCCTGGGCCTTTACAGTATGACCGAACAATGGAGAGCCAGTGTCCC
699,del,21,,46,0.0,3.385455297774544e-07,GTCTGGCTTCCCAACGCGGGGTGAGTGGCCAGAG,delCCTGGGCCTTTACAGTATGACCGAACAATGGAGAGCCAGTGTCCCG
700,del,22,,46,0.0,3.385455297774544e-07,GTCTGGCTTCCCAACGCGGGGTCAGTGGCCAGAG,delCTGGGCCTTTACAGTATGACCGAACAATGGAGAGCCAGTGTCCCGG
701,del,23,,46,0.0,3.385455297774544e-07,GTCTGGCTTCCCAACGCGGGGTCCGTGGCCAGAG,delTGGGCCTTTACAGTATGACCGAACAATGGAGAGCCAGTGTCCCGGA
702,del,24,,46,0.0,3.385455297774544e-07,GTCTGGCTTCCCAACGCGGGGTCCTTGGCCAGAG,delGGGCCTTTACAGTATGACCGAACAATGGAGAGCCAGTGTCCCGGAG
703,del,30,,46,0.0,3.385455297774544e-07,GTCTGGCTTCCCAACGCGGGGTCCTGGGCCTGAG,delTTACAGTATGACCGAACAATGGAGAGCCAGTGTCCCGGAGTGGCCA
704,del,31,,46,0.0,3.385455297774544e-07,GTCTGGCTTCCCAACGCGGGGTCCTGGGCCTTAG,delTACAGTATGACCGAACAATGGAGAGCCAGTGTCCCGGAGTGGCCAG
705,del,32,,46,0.0,3.385455297774544e-07,GTCTGGCTTCCCAACGCGGGGTCCTGGGCCTTTG,delACAGTATGACCGAACAATGGAGAGCCAGTGTCCCGGAGTGGCCAGA
706,del,33,,46,0.0,3.385455297774544e-07,GTCTGGCTTCCCAACGCGGGGTCCTGGGCCTTTA,delCAGTATGACCGAACAATGGAGAGCCAGTGTCCCGGAGTGGCCAGAG
707,del,0,,47,0.0,5.800509490031231e-06,CAATGGAGAGCCAGTGTCCCGGAGTGGCCAGAG,delGTCTGGCTTCCCAACGCGGGGTCCTGGGCCTTTACAGTATGACCGAA
708,del,1,,47,0.0,3.867006326687487e-07,GAATGGAGAGCCAGTGTCCCGGAGTGGCCAGAG,delTCTGGCTTCCCAACGCGGGGTCCTGGGCCTTTACAGTATGACCGAAC
709,del,2,,47,0.0,3.867006326687487e-07,GTATGGAGAGCCAGTGTCCCGGAGTGGCCAGAG,delCTGGCTTCCCAACGCGGGGTCCTGGGCCTTTACAGTATGACCGAACA
710,del,7,,47,0.0,3.867006326687487e-07,GTCTGGCGAGCCAGTGTCCCGGAGTGGCCAGAG,delTTCCCAACGCGGGGTCCTGGGCCTTTACAGTATGACCGAACAATGGA
711,del,8,,47,0.0,3.867006326687487e-07,GTCTGGCTAGCCAGTGTCCCGGAGTGGCCAGAG,delTCCCAACGCGGGGTCCTGGGCCTTTACAGTATGACCGAACAATGGAG
712,del,9,,47,0.0,3.867006326687487e-07,GTCTGGCTTGCCAGTGTCCCGGAGTGGCCAGAG,delCCCAACGCGGGGTCCTGGGCCTTTACAGTATGACCGAACAATGGAGA
713,del,14,,47,0.0,3.867006326687487e-07,GTCTGGCTTCCCAATGTCCCGGAGTGGCCAGAG,delCGCGGGGTCCTGGGCCTTTACAGTATGACCGAACAATGGAGAGCCAG
714,del,17,,47,0.0,3.867006326687487e-07,GTCTGGCTTCCCAACGCCCCGGAGTGGCCAGAG,delGGGGTCCTGGGCCTTTACAGTATGACCGAACAATGGAGAGCCAGTGT
715,del,18,,47,0.0,3.867006326687487e-07,GTCTGGCTTCCCAACGCGCCGGAGTGGCCAGAG,delGGGTCCTGGGCCTTTACAGTATGACCGAACAATGGAGAGCCAGTGTC
716,del,19,,47,0.0,3.867006326687487e-07,GTCTGGCTTCCCAACGCGGCGGAGTGGCCAGAG,delGGTCCTGGGCCTTTACAGTATGACCGAACAATGGAGAGCCAGTGTCC
717,del,22,,47,0.0,3.867006326687487e-07,GTCTGGCTTCCCAACGCGGGGTAGTGGCCAGAG,delCCTGGGCCTTTACAGTATGACCGAACAATGGAGAGCCAGTGTCCCGG
718,del,23,,47,0.0,3.867006326687487e-07,GTCTGGCTTCCCAACGCGGGGTCGTGGCCAGAG,delCTGGGCCTTTACAGTATGACCGAACAATGGAGAGCCAGTGTCCCGGA
719,del,30,,47,0.0,3.867006326687487e-07,GTCTGGCTTCCCAACGCGGGGTCCTGGGCCGAG,delTTTACAGTATGACCGAACAATGGAGAGCCAGTGTCCCGGAGTGGCCA
720,del,31,,47,0.0,3.867006326687487e-07,GTCTGGCTTCCCAACGCGGGGTCCTGGGCCTAG,delTTACAGTATGACCGAACAATGGAGAGCCAGTGTCCCGGAGTGGCCAG
721,del,32,,47,0.0,3.867006326687487e-07,GTCTGGCTTCCCAACGCGGGGTCCTGGGCCTTG,delTACAGTATGACCGAACAATGGAGAGCCAGTGTCCCGGAGTGGCCAGA
722,del,33,,47,0.0,3.867006326687487e-07,GTCTGGCTTCCCAACGCGGGGTCCTGGGCCTTT,delACAGTATGACCGAACAATGGAGAGCCAGTGTCCCGGAGTGGCCAGAG
723,del,33,,48,0.0,9.034882632953765e-06,GTCTGGCTTCCCAACGCGGGGTCCTGGGCCTT,delTACAGTATGACCGAACAATGGAGAGCCAGTGTCCCGGAGTGGCCAGAG
724,del,33,,49,0.0,7.036373651937505e-06,GTCTGGCTTCCCAACGCGGGGTCCTGGGCCT,delTTACAGTATGACCGAACAATGGAGAGCCAGTGTCCCGGAGTGGCCAGAG
725,del,33,,50,0.0,5.479933300800841e-06,GTCTGGCTTCCCAACGCGGGGTCCTGGGCC,delTTTACAGTATGACCGAACAATGGAGAGCCAGTGTCCCGGAGTGGCCAGAG
726,del,33,,51,0.0,4.267776340905803e-06,GTCTGGCTTCCCAACGCGGGGTCCTGGGC,delCTTTACAGTATGACCGAACAATGGAGAGCCAGTGTCCCGGAGTGGCCAGAG
727,del,33,,52,0.0,3.3237475536526775e-06,GTCTGGCTTCCCAACGCGGGGTCCTGGG,delCCTTTACAGTATGACCGAACAATGGAGAGCCAGTGTCCCGGAGTGGCCAGAG
728,del,33,,53,0.0,2.5885371961273574e-06,GTCTGGCTTCCCAACGCGGGGTCCTGG,delGCCTTTACAGTATGACCGAACAATGGAGAGCCAGTGTCCCGGAGTGGCCAGAG
729,del,33,,54,0.0,2.0159547946164206e-06,GTCTGGCTTCCCAACGCGGGGTCCTG,delGGCCTTTACAGTATGACCGAACAATGGAGAGCCAGTGTCCCGGAGTGGCCAGAG
730,del,33,,55,0.0,1.5700271722926576e-06,GTCTGGCTTCCCAACGCGGGGTCCT,delGGGCCTTTACAGTATGACCGAACAATGGAGAGCCAGTGTCCCGGAGTGGCCAGAG
731,del,33,,56,0.0,1.2227383910172557e-06,GTCTGGCTTCCCAACGCGGGGTCC,delTGGGCCTTTACAGTATGACCGAACAATGGAGAGCCAGTGTCCCGGAGTGGCCAGAG
732,del,33,,57,0.0,9.522696163054552e-07,GTCTGGCTTCCCAACGCGGGGTC,delCTGGGCCTTTACAGTATGACCGAACAATGGAGAGCCAGTGTCCCGGAGTGGCCAGAG
733,del,33,,58,0.0,7.416283228152444e-07,GTCTGGCTTCCCAACGCGGGGT,delCCTGGGCCTTTACAGTATGACCGAACAATGGAGAGCCAGTGTCCCGGAGTGGCCAGAG
734,del,33,,59,0.0,5.775807185253431e-07,GTCTGGCTTCCCAACGCGGGG,delTCCTGGGCCTTTACAGTATGACCGAACAATGGAGAGCCAGTGTCCCGGAGTGGCCAGAG
